"","HGNC.ID"
"1","HGNC:24866"
"2","HGNC:19104"
"3","HGNC:18806"
"4","HGNC:16636"
"5","HGNC:8856"
"6","HGNC:11571"
"7","HGNC:6902"
"8","HGNC:8847"
"9","HGNC:16369"
"10","HGNC:17939"
"11","HGNC:4795"
"12","HGNC:17877"
"13","HGNC:10606"
"14","HGNC:16512"
"15","HGNC:20001"
"16","HGNC:1352"
"17","HGNC:1353"
"18","HGNC:2661"
"19","HGNC:11530"
"20","HGNC:19190"
"21","HGNC:491"
"22","HGNC:23157"
"23","HGNC:8905"
"24","HGNC:15469"
"25","HGNC:6554"
"26","HGNC:20800"
"27","HGNC:19100"
"28","HGNC:2501"
"29","HGNC:19661"
"30","HGNC:89"
"31","HGNC:989"
"32","HGNC:2018"
"33","HGNC:20193"
"34","HGNC:11774"
"35","HGNC:1105"
"36","HGNC:14373"
"37","HGNC:4237"
"38","HGNC:10360"
"39","HGNC:67"
"40","HGNC:3012"
"41","HGNC:321"
"42","HGNC:25403"
"43","HGNC:2698"
"44","HGNC:4539"
"45","HGNC:7436"
"46","HGNC:11917"
"47","HGNC:23595"
"48","HGNC:2523"
"49","HGNC:2026"
"50","HGNC:2027"
"51","HGNC:30213"
"52","HGNC:18337"
"53","HGNC:8621"
"54","HGNC:406"
"55","HGNC:28957"
"56","HGNC:14581"
"57","HGNC:1241"
"58","HGNC:1245"
"59","HGNC:1242"
"60","HGNC:29079"
"61","HGNC:10301"
"62","HGNC:4116"
"63","HGNC:5005"
"64","HGNC:25839"
"65","HGNC:18640"
"66","HGNC:11013"
"67","HGNC:26031"
"68","HGNC:7961"
"69","HGNC:26624"
"70","HGNC:11071"
"71","HGNC:3625"
"72","HGNC:25230"
"73","HGNC:3377"
"74","HGNC:19691"
"75","HGNC:14957"
"76","HGNC:12840"
"77","HGNC:5144"
"78","HGNC:362"
"79","HGNC:4286"
"80","HGNC:4285"
"81","HGNC:2216"
"82","HGNC:2439"
"83","HGNC:21679"
"84","HGNC:20286"
"85","HGNC:25897"
"86","HGNC:2218"
"87","HGNC:2519"
"88","HGNC:11005"
"89","HGNC:7217"
"90","HGNC:29040"
"91","HGNC:9670"
"92","HGNC:10866"
"93","HGNC:9586"
"94","HGNC:3259"
"95","HGNC:12591"
"96","HGNC:7527"
"97","HGNC:15954"
"98","HGNC:24525"
"99","HGNC:9352"
"100","HGNC:9826"
"101","HGNC:11556"
"102","HGNC:10879"
"103","HGNC:25716"
"104","HGNC:4053"
"105","HGNC:11918"
"106","HGNC:25567"
"107","HGNC:25186"
"108","HGNC:4396"
"109","HGNC:8851"
"110","HGNC:14668"
"111","HGNC:6116"
"112","HGNC:9816"
"113","HGNC:4224"
"114","HGNC:29594"
"115","HGNC:17869"
"116","HGNC:10535"
"117","HGNC:6354"
"118","HGNC:17975"
"119","HGNC:5244"
"120","HGNC:6912"
"121","HGNC:27962"
"122","HGNC:9701"
"123","HGNC:11281"
"124","HGNC:7685"
"125","HGNC:4816"
"126","HGNC:2876"
"127","HGNC:8657"
"128","HGNC:17073"
"129","HGNC:7978"
"130","HGNC:6512"
"131","HGNC:9305"
"132","HGNC:11244"
"133","HGNC:15464"
"134","HGNC:28844"
"135","HGNC:29427"
"136","HGNC:2433"
"137","HGNC:1460"
"138","HGNC:32521"
"139","HGNC:10387"
"140","HGNC:7680"
"141","HGNC:15518"
"142","HGNC:4367"
"143","HGNC:18762"
"144","HGNC:3596"
"145","HGNC:11219"
"146","HGNC:6171"
"147","HGNC:13760"
"148","HGNC:28018"
"149","HGNC:5970"
"150","HGNC:4082"
"151","HGNC:4075"
"152","HGNC:4087"
"153","HGNC:9870"
"154","HGNC:2988"
"155","HGNC:3815"
"156","HGNC:7910"
"157","HGNC:7392"
"158","HGNC:11140"
"159","HGNC:11019"
"160","HGNC:3530"
"161","HGNC:14377"
"162","HGNC:11280"
"163","HGNC:3767"
"164","HGNC:3800"
"165","HGNC:12412"
"166","HGNC:30829"
"167","HGNC:21365"
"168","HGNC:21062"
"169","HGNC:3531"
"170","HGNC:3052"
"171","HGNC:4204"
"172","HGNC:3176"
"173","HGNC:17328"
"174","HGNC:10548"
"175","HGNC:21576"
"176","HGNC:18141"
"177","HGNC:408"
"178","HGNC:17768"
"179","HGNC:7197"
"180","HGNC:21642"
"181","HGNC:1802"
"182","HGNC:4932"
"183","HGNC:13937"
"184","HGNC:7328"
"185","HGNC:12651"
"186","HGNC:1248"
"187","HGNC:1037"
"188","HGNC:10898"
"189","HGNC:1323"
"190","HGNC:1324"
"191","HGNC:2600"
"192","HGNC:4947"
"193","HGNC:4942"
"194","HGNC:4944"
"195","HGNC:44"
"196","HGNC:43"
"197","HGNC:4938"
"198","HGNC:4940"
"199","HGNC:11566"
"200","HGNC:2681"
"201","HGNC:11497"
"202","HGNC:21237"
"203","HGNC:10383"
"204","HGNC:14468"
"205","HGNC:21246"
"206","HGNC:7190"
"207","HGNC:4678"
"208","HGNC:11968"
"209","HGNC:4415"
"210","HGNC:9312"
"211","HGNC:9181"
"212","HGNC:4670"
"213","HGNC:21057"
"214","HGNC:21022"
"215","HGNC:9040"
"216","HGNC:14258"
"217","HGNC:7526"
"218","HGNC:10006"
"219","HGNC:11743"
"220","HGNC:9016"
"221","HGNC:16406"
"222","HGNC:21219"
"223","HGNC:21308"
"224","HGNC:4311"
"225","HGNC:23038"
"226","HGNC:2217"
"227","HGNC:17282"
"228","HGNC:6299"
"229","HGNC:19261"
"230","HGNC:10933"
"231","HGNC:15673"
"232","HGNC:31923"
"233","HGNC:987"
"234","HGNC:8907"
"235","HGNC:11595"
"236","HGNC:8021"
"237","HGNC:21406"
"238","HGNC:21034"
"239","HGNC:13601"
"240","HGNC:10882"
"241","HGNC:4580"
"242","HGNC:21033"
"243","HGNC:32207"
"244","HGNC:1152"
"245","HGNC:589"
"246","HGNC:18647"
"247","HGNC:23041"
"248","HGNC:29256"
"249","HGNC:21082"
"250","HGNC:21652"
"251","HGNC:20619"
"252","HGNC:33814"
"253","HGNC:2185"
"254","HGNC:12382"
"255","HGNC:21558"
"256","HGNC:21478"
"257","HGNC:21042"
"258","HGNC:21484"
"259","HGNC:12261"
"260","HGNC:663"
"261","HGNC:2372"
"262","HGNC:3522"
"263","HGNC:5439"
"264","HGNC:11896"
"265","HGNC:15578"
"266","HGNC:1987"
"267","HGNC:4921"
"268","HGNC:8858"
"269","HGNC:11429"
"270","HGNC:3413"
"271","HGNC:4593"
"272","HGNC:17075"
"273","HGNC:21176"
"274","HGNC:3467"
"275","HGNC:21061"
"276","HGNC:21054"
"277","HGNC:94"
"278","HGNC:5467"
"279","HGNC:9071"
"280","HGNC:8607"
"281","HGNC:8772"
"282","HGNC:11515"
"283","HGNC:21606"
"284","HGNC:21686"
"285","HGNC:21056"
"286","HGNC:2908"
"287","HGNC:11588"
"288","HGNC:9390"
"289","HGNC:26013"
"290","HGNC:6762"
"291","HGNC:29171"
"292","HGNC:16393"
"293","HGNC:22197"
"294","HGNC:21698"
"295","HGNC:20609"
"296","HGNC:9801"
"297","HGNC:7687"
"298","HGNC:22407"
"299","HGNC:12428"
"300","HGNC:2942"
"301","HGNC:6018"
"302","HGNC:24587"
"303","HGNC:4462"
"304","HGNC:19986"
"305","HGNC:5033"
"306","HGNC:14974"
"307","HGNC:5099"
"308","HGNC:5103"
"309","HGNC:5101"
"310","HGNC:5102"
"311","HGNC:4162"
"312","HGNC:17820"
"313","HGNC:30000"
"314","HGNC:11598"
"315","HGNC:14082"
"316","HGNC:16473"
"317","HGNC:10778"
"318","HGNC:21694"
"319","HGNC:16002"
"320","HGNC:16001"
"321","HGNC:1062"
"322","HGNC:1461"
"323","HGNC:8124"
"324","HGNC:21708"
"325","HGNC:18053"
"326","HGNC:13176"
"327","HGNC:2719"
"328","HGNC:3236"
"329","HGNC:9577"
"330","HGNC:21645"
"331","HGNC:746"
"332","HGNC:21957"
"333","HGNC:19440"
"334","HGNC:11433"
"335","HGNC:6971"
"336","HGNC:5246"
"337","HGNC:12852"
"338","HGNC:13189"
"339","HGNC:18957"
"340","HGNC:1663"
"341","HGNC:10725"
"342","HGNC:1399"
"343","HGNC:13406"
"344","HGNC:10723"
"345","HGNC:10726"
"346","HGNC:45"
"347","HGNC:201"
"348","HGNC:379"
"349","HGNC:1573"
"350","HGNC:1777"
"351","HGNC:1348"
"352","HGNC:1349"
"353","HGNC:10808"
"354","HGNC:9204"
"355","HGNC:9206"
"356","HGNC:9205"
"357","HGNC:10983"
"358","HGNC:10845"
"359","HGNC:2919"
"360","HGNC:2918"
"361","HGNC:753"
"362","HGNC:704"
"363","HGNC:574"
"364","HGNC:11540"
"365","HGNC:11356"
"366","HGNC:11762"
"367","HGNC:3415"
"368","HGNC:3395"
"369","HGNC:8583"
"370","HGNC:559"
"371","HGNC:9119"
"372","HGNC:9957"
"373","HGNC:14857"
"374","HGNC:8818"
"375","HGNC:3018"
"376","HGNC:2898"
"377","HGNC:6486"
"378","HGNC:28900"
"379","HGNC:5456"
"380","HGNC:9291"
"381","HGNC:13875"
"382","HGNC:7029"
"383","HGNC:1884"
"384","HGNC:17366"
"385","HGNC:22788"
"386","HGNC:17284"
"387","HGNC:8618"
"388","HGNC:6553"
"389","HGNC:3756"
"390","HGNC:11119"
"391","HGNC:2296"
"392","HGNC:12370"
"393","HGNC:9171"
"394","HGNC:1093"
"395","HGNC:18658"
"396","HGNC:388"
"397","HGNC:866"
"398","HGNC:11609"
"399","HGNC:1097"
"400","HGNC:21869"
"401","HGNC:9475"
"402","HGNC:2019"
"403","HGNC:22448"
"404","HGNC:17358"
"405","HGNC:13830"
"406","HGNC:6251"
"407","HGNC:9386"
"408","HGNC:13726"
"409","HGNC:3010"
"410","HGNC:4979"
"411","HGNC:2079"
"412","HGNC:14103"
"413","HGNC:6954"
"414","HGNC:1057"
"415","HGNC:2527"
"416","HGNC:2897"
"417","HGNC:30242"
"418","HGNC:7376"
"419","HGNC:3677"
"420","HGNC:24928"
"421","HGNC:8805"
"422","HGNC:735"
"423","HGNC:6677"
"424","HGNC:854"
"425","HGNC:13861"
"426","HGNC:5172"
"427","HGNC:10802"
"428","HGNC:18756"
"429","HGNC:11905"
"430","HGNC:32940"
"431","HGNC:1956"
"432","HGNC:3518"
"433","HGNC:4651"
"434","HGNC:11738"
"435","HGNC:26262"
"436","HGNC:9457"
"437","HGNC:11359"
"438","HGNC:216"
"439","HGNC:492"
"440","HGNC:13013"
"441","HGNC:9051"
"442","HGNC:5960"
"443","HGNC:10947"
"444","HGNC:20856"
"445","HGNC:25358"
"446","HGNC:28971"
"447","HGNC:9413"
"448","HGNC:6947"
"449","HGNC:11094"
"450","HGNC:15574"
"451","HGNC:18122"
"452","HGNC:9045"
"453","HGNC:26019"
"454","HGNC:2651"
"455","HGNC:1382"
"456","HGNC:757"
"457","HGNC:12404"
"458","HGNC:2652"
"459","HGNC:26193"
"460","HGNC:17245"
"461","HGNC:3519"
"462","HGNC:14201"
"463","HGNC:6050"
"464","HGNC:1373"
"465","HGNC:2153"
"466","HGNC:7652"
"467","HGNC:9279"
"468","HGNC:17228"
"469","HGNC:28625"
"470","HGNC:4221"
"471","HGNC:12582"
"472","HGNC:2183"
"473","HGNC:11212"
"474","HGNC:17296"
"475","HGNC:4044"
"476","HGNC:18831"
"477","HGNC:29683"
"478","HGNC:3013"
"479","HGNC:28583"
"480","HGNC:3512"
"481","HGNC:31750"
"482","HGNC:11536"
"483","HGNC:2191"
"484","HGNC:17023"
"485","HGNC:7704"
"486","HGNC:26513"
"487","HGNC:7553"
"488","HGNC:6297"
"489","HGNC:16725"
"490","HGNC:7679"
"491","HGNC:6283"
"492","HGNC:30832"
"493","HGNC:6199"
"494","HGNC:18746"
"495","HGNC:2591"
"496","HGNC:2592"
"497","HGNC:24945"
"498","HGNC:23145"
"499","HGNC:17042"
"500","HGNC:8149"
"501","HGNC:4446"
"502","HGNC:2579"
"503","HGNC:2843"
"504","HGNC:30224"
"505","HGNC:17129"
"506","HGNC:3814"
"507","HGNC:9949"
"508","HGNC:19191"
"509","HGNC:19309"
"510","HGNC:2934"
"511","HGNC:13909"
"512","HGNC:12698"
"513","HGNC:19698"
"514","HGNC:10939"
"515","HGNC:6192"
"516","HGNC:4313"
"517","HGNC:12450"
"518","HGNC:7208"
"519","HGNC:7413"
"520","HGNC:1787"
"521","HGNC:21424"
"522","HGNC:11724"
"523","HGNC:19102"
"524","HGNC:15984"
"525","HGNC:924"
"526","HGNC:2954"
"527","HGNC:8157"
"528","HGNC:4135"
"529","HGNC:5967"
"530","HGNC:12666"
"531","HGNC:23215"
"532","HGNC:23625"
"533","HGNC:18986"
"534","HGNC:7944"
"535","HGNC:4570"
"536","HGNC:9382"
"537","HGNC:3951"
"538","HGNC:11828"
"539","HGNC:17995"
"540","HGNC:1908"
"541","HGNC:4390"
"542","HGNC:25740"
"543","HGNC:5044"
"544","HGNC:8032"
"545","HGNC:28660"
"546","HGNC:4165"
"547","HGNC:30972"
"548","HGNC:890"
"549","HGNC:11277"
"550","HGNC:5330"
"551","HGNC:3606"
"552","HGNC:26922"
"553","HGNC:5212"
"554","HGNC:12814"
"555","HGNC:3806"
"556","HGNC:19237"
"557","HGNC:26724"
"558","HGNC:7982"
"559","HGNC:17870"
"560","HGNC:932"
"561","HGNC:417"
"562","HGNC:29"
"563","HGNC:11557"
"564","HGNC:25535"
"565","HGNC:5959"
"566","HGNC:1362"
"567","HGNC:9655"
"568","HGNC:395"
"569","HGNC:22986"
"570","HGNC:11931"
"571","HGNC:23658"
"572","HGNC:16380"
"573","HGNC:11850"
"574","HGNC:18672"
"575","HGNC:1331"
"576","HGNC:4620"
"577","HGNC:18688"
"578","HGNC:7983"
"579","HGNC:10344"
"580","HGNC:6654"
"581","HGNC:25135"
"582","HGNC:3349"
"583","HGNC:361"
"584","HGNC:16744"
"585","HGNC:2972"
"586","HGNC:19693"
"587","HGNC:10998"
"588","HGNC:11273"
"589","HGNC:10760"
"590","HGNC:2342"
"591","HGNC:3098"
"592","HGNC:758"
"593","HGNC:17097"
"594","HGNC:6494"
"595","HGNC:8064"
"596","HGNC:445"
"597","HGNC:4238"
"598","HGNC:1848"
"599","HGNC:11474"
"600","HGNC:1366"
"601","HGNC:2689"
"602","HGNC:14495"
"603","HGNC:27845"
"604","HGNC:18865"
"605","HGNC:16391"
"606","HGNC:18667"
"607","HGNC:6823"
"608","HGNC:4584"
"609","HGNC:26894"
"610","HGNC:20305"
"611","HGNC:1389"
"612","HGNC:20773"
"613","HGNC:16966"
"614","HGNC:2235"
"615","HGNC:385"
"616","HGNC:6008"
"617","HGNC:4172"
"618","HGNC:23537"
"619","HGNC:17142"
"620","HGNC:8940"
"621","HGNC:25491"
"622","HGNC:17642"
"623","HGNC:6144"
"624","HGNC:2548"
"625","HGNC:1402"
"626","HGNC:16063"
"627","HGNC:17759"
"628","HGNC:29186"
"629","HGNC:12843"
"630","HGNC:25583"
"631","HGNC:17327"
"632","HGNC:25532"
"633","HGNC:6860"
"634","HGNC:23505"
"635","HGNC:9967"
"636","HGNC:4217"
"637","HGNC:2891"
"638","HGNC:11741"
"639","HGNC:494"
"640","HGNC:18194"
"641","HGNC:3239"
"642","HGNC:2511"
"643","HGNC:28908"
"644","HGNC:13907"
"645","HGNC:23419"
"646","HGNC:4922"
"647","HGNC:13806"
"648","HGNC:7865"
"649","HGNC:9360"
"650","HGNC:10817"
"651","HGNC:8646"
"652","HGNC:9498"
"653","HGNC:1530"
"654","HGNC:14048"
"655","HGNC:9052"
"656","HGNC:257"
"657","HGNC:23405"
"658","HGNC:6284"
"659","HGNC:10411"
"660","HGNC:10799"
"661","HGNC:10798"
"662","HGNC:535"
"663","HGNC:6903"
"664","HGNC:1076"
"665","HGNC:4335"
"666","HGNC:7102"
"667","HGNC:8604"
"668","HGNC:23452"
"669","HGNC:11920"
"670","HGNC:6617"
"671","HGNC:23094"
"672","HGNC:1161"
"673","HGNC:9922"
"674","HGNC:8787"
"675","HGNC:6572"
"676","HGNC:17175"
"677","HGNC:3363"
"678","HGNC:25155"
"679","HGNC:26559"
"680","HGNC:5163"
"681","HGNC:18374"
"682","HGNC:2263"
"683","HGNC:53"
"684","HGNC:2312"
"685","HGNC:25613"
"686","HGNC:8616"
"687","HGNC:1160"
"688","HGNC:1144"
"689","HGNC:18817"
"690","HGNC:7795"
"691","HGNC:2593"
"692","HGNC:103"
"693","HGNC:26200"
"694","HGNC:26684"
"695","HGNC:245"
"696","HGNC:28093"
"697","HGNC:15454"
"698","HGNC:4798"
"699","HGNC:9155"
"700","HGNC:12660"
"701","HGNC:10935"
"702","HGNC:3341"
"703","HGNC:23044"
"704","HGNC:16088"
"705","HGNC:9476"
"706","HGNC:91"
"707","HGNC:1151"
"708","HGNC:8091"
"709","HGNC:14357"
"710","HGNC:7059"
"711","HGNC:19087"
"712","HGNC:19321"
"713","HGNC:3151"
"714","HGNC:28852"
"715","HGNC:6122"
"716","HGNC:14677"
"717","HGNC:11559"
"718","HGNC:19954"
"719","HGNC:30802"
"720","HGNC:1630"
"721","HGNC:7516"
"722","HGNC:2529"
"723","HGNC:11782"
"724","HGNC:1701"
"725","HGNC:10964"
"726","HGNC:17893"
"727","HGNC:4827"
"728","HGNC:4829"
"729","HGNC:4831"
"730","HGNC:4832"
"731","HGNC:11120"
"732","HGNC:2073"
"733","HGNC:13681"
"734","HGNC:6641"
"735","HGNC:19344"
"736","HGNC:2135"
"737","HGNC:470"
"738","HGNC:9606"
"739","HGNC:26222"
"740","HGNC:20580"
"741","HGNC:8516"
"742","HGNC:6233"
"743","HGNC:10513"
"744","HGNC:17022"
"745","HGNC:6535"
"746","HGNC:14004"
"747","HGNC:1033"
"748","HGNC:3964"
"749","HGNC:8620"
"750","HGNC:1689"
"751","HGNC:1516"
"752","HGNC:21350"
"753","HGNC:12036"
"754","HGNC:9831"
"755","HGNC:9832"
"756","HGNC:3513"
"757","HGNC:450"
"758","HGNC:8857"
"759","HGNC:24156"
"760","HGNC:18856"
"761","HGNC:3535"
"762","HGNC:2718"
"763","HGNC:123"
"764","HGNC:7710"
"765","HGNC:1228"
"766","HGNC:16999"
"767","HGNC:2515"
"768","HGNC:24200"
"769","HGNC:24725"
"770","HGNC:11438"
"771","HGNC:7315"
"772","HGNC:13187"
"773","HGNC:26944"
"774","HGNC:25018"
"775","HGNC:26034"
"776","HGNC:3976"
"777","HGNC:4138"
"778","HGNC:34399"
"779","HGNC:24526"
"780","HGNC:2294"
"781","HGNC:23151"
"782","HGNC:17989"
"783","HGNC:9879"
"784","HGNC:9726"
"785","HGNC:1476"
"786","HGNC:14372"
"787","HGNC:24116"
"788","HGNC:3705"
"789","HGNC:17116"
"790","HGNC:30032"
"791","HGNC:966"
"792","HGNC:2531"
"793","HGNC:11276"
"794","HGNC:8636"
"795","HGNC:1386"
"796","HGNC:358"
"797","HGNC:7716"
"798","HGNC:7715"
"799","HGNC:11647"
"800","HGNC:24283"
"801","HGNC:6697"
"802","HGNC:4114"
"803","HGNC:2328"
"804","HGNC:1582"
"805","HGNC:3573"
"806","HGNC:8059"
"807","HGNC:3791"
"808","HGNC:6080"
"809","HGNC:691"
"810","HGNC:30664"
"811","HGNC:30718"
"812","HGNC:12518"
"813","HGNC:24564"
"814","HGNC:6243"
"815","HGNC:37216"
"816","HGNC:16066"
"817","HGNC:1482"
"818","HGNC:8590"
"819","HGNC:23161"
"820","HGNC:26274"
"821","HGNC:29945"
"822","HGNC:30883"
"823","HGNC:25382"
"824","HGNC:15514"
"825","HGNC:4042"
"826","HGNC:12442"
"827","HGNC:2375"
"828","HGNC:7230"
"829","HGNC:30794"
"830","HGNC:7450"
"831","HGNC:8910"
"832","HGNC:12338"
"833","HGNC:29264"
"834","HGNC:28188"
"835","HGNC:16262"
"836","HGNC:591"
"837","HGNC:7159"
"838","HGNC:4574"
"839","HGNC:93"
"840","HGNC:795"
"841","HGNC:30578"
"842","HGNC:9211"
"843","HGNC:9303"
"844","HGNC:2896"
"845","HGNC:9689"
"846","HGNC:3023"
"847","HGNC:12930"
"848","HGNC:17288"
"849","HGNC:610"
"850","HGNC:600"
"851","HGNC:29182"
"852","HGNC:5964"
"853","HGNC:10592"
"854","HGNC:10589"
"855","HGNC:1674"
"856","HGNC:1673"
"857","HGNC:1675"
"858","HGNC:649"
"859","HGNC:12266"
"860","HGNC:4061"
"861","HGNC:16931"
"862","HGNC:4982"
"863","HGNC:1541"
"864","HGNC:18121"
"865","HGNC:10547"
"866","HGNC:11185"
"867","HGNC:20665"
"868","HGNC:13433"
"869","HGNC:26361"
"870","HGNC:6172"
"871","HGNC:25461"
"872","HGNC:17104"
"873","HGNC:26927"
"874","HGNC:29812"
"875","HGNC:6266"
"876","HGNC:11344"
"877","HGNC:15532"
"878","HGNC:28952"
"879","HGNC:87"
"880","HGNC:14540"
"881","HGNC:20202"
"882","HGNC:1390"
"883","HGNC:1583"
"884","HGNC:3680"
"885","HGNC:7693"
"886","HGNC:6224"
"887","HGNC:12726"
"888","HGNC:10599"
"889","HGNC:11922"
"890","HGNC:24305"
"891","HGNC:1919"
"892","HGNC:1678"
"893","HGNC:4400"
"894","HGNC:12009"
"895","HGNC:3033"
"896","HGNC:4218"
"897","HGNC:11007"
"898","HGNC:24539"
"899","HGNC:13203"
"900","HGNC:23336"
"901","HGNC:3182"
"902","HGNC:6377"
"903","HGNC:3495"
"904","HGNC:6698"
"905","HGNC:4586"
"906","HGNC:4688"
"907","HGNC:7060"
"908","HGNC:8790"
"909","HGNC:9678"
"910","HGNC:19218"
"911","HGNC:8778"
"912","HGNC:10961"
"913","HGNC:10959"
"914","HGNC:26162"
"915","HGNC:4707"
"916","HGNC:11201"
"917","HGNC:6181"
"918","HGNC:9607"
"919","HGNC:2736"
"920","HGNC:19125"
"921","HGNC:2973"
"922","HGNC:24249"
"923","HGNC:9024"
"924","HGNC:19349"
"925","HGNC:18618"
"926","HGNC:17019"
"927","HGNC:17967"
"928","HGNC:25240"
"929","HGNC:8877"
"930","HGNC:29937"
"931","HGNC:12775"
"932","HGNC:12774"
"933","HGNC:2865"
"934","HGNC:20766"
"935","HGNC:9461"
"936","HGNC:634"
"937","HGNC:638"
"938","HGNC:4455"
"939","HGNC:28216"
"940","HGNC:29284"
"941","HGNC:10908"
"942","HGNC:10596"
"943","HGNC:175"
"944","HGNC:6463"
"945","HGNC:6458"
"946","HGNC:6460"
"947","HGNC:6462"
"948","HGNC:6444"
"949","HGNC:20406"
"950","HGNC:6443"
"951","HGNC:28927"
"952","HGNC:28929"
"953","HGNC:6439"
"954","HGNC:6440"
"955","HGNC:6441"
"956","HGNC:6446"
"957","HGNC:6430"
"958","HGNC:13666"
"959","HGNC:17321"
"960","HGNC:5125"
"961","HGNC:5031"
"962","HGNC:11460"
"963","HGNC:11363"
"964","HGNC:29958"
"965","HGNC:6692"
"966","HGNC:4317"
"967","HGNC:6898"
"968","HGNC:6323"
"969","HGNC:4117"
"970","HGNC:1773"
"971","HGNC:12367"
"972","HGNC:19414"
"973","HGNC:13530"
"974","HGNC:11584"
"975","HGNC:5009"
"976","HGNC:6973"
"977","HGNC:6740"
"978","HGNC:26291"
"979","HGNC:9679"
"980","HGNC:7566"
"981","HGNC:26899"
"982","HGNC:6343"
"983","HGNC:30836"
"984","HGNC:2340"
"985","HGNC:17966"
"986","HGNC:23987"
"987","HGNC:10989"
"988","HGNC:7967"
"989","HGNC:18130"
"990","HGNC:5464"
"991","HGNC:8582"
"992","HGNC:738"
"993","HGNC:29174"
"994","HGNC:30348"
"995","HGNC:29882"
"996","HGNC:2671"
"997","HGNC:12572"
"998","HGNC:13879"
"999","HGNC:13478"
"1000","HGNC:19331"
"1001","HGNC:7530"
"1002","HGNC:14313"
"1003","HGNC:812"
"1004","HGNC:26113"
"1005","HGNC:19347"
"1006","HGNC:29605"
"1007","HGNC:10555"
"1008","HGNC:404"
"1009","HGNC:9644"
"1010","HGNC:11604"
"1011","HGNC:22962"
"1012","HGNC:7872"
"1013","HGNC:30171"
"1014","HGNC:1985"
"1015","HGNC:2277"
"1016","HGNC:11621"
"1017","HGNC:5147"
"1018","HGNC:3257"
"1019","HGNC:25774"
"1020","HGNC:15508"
"1021","HGNC:9177"
"1022","HGNC:4288"
"1023","HGNC:3687"
"1024","HGNC:10519"
"1025","HGNC:7104"
"1026","HGNC:13533"
"1027","HGNC:10069"
"1028","HGNC:10313"
"1029","HGNC:3765"
"1030","HGNC:20330"
"1031","HGNC:9988"
"1032","HGNC:6774"
"1033","HGNC:20597"
"1034","HGNC:3819"
"1035","HGNC:10985"
"1036","HGNC:11926"
"1037","HGNC:26789"
"1038","HGNC:11448"
"1039","HGNC:6174"
"1040","HGNC:9884"
"1041","HGNC:15520"
"1042","HGNC:18274"
"1043","HGNC:18243"
"1044","HGNC:25671"
"1045","HGNC:32456"
"1046","HGNC:15480"
"1047","HGNC:23352"
"1048","HGNC:2076"
"1049","HGNC:3180"
"1050","HGNC:20297"
"1051","HGNC:23503"
"1052","HGNC:2033"
"1053","HGNC:9439"
"1054","HGNC:20486"
"1055","HGNC:12873"
"1056","HGNC:8653"
"1057","HGNC:3671"
"1058","HGNC:12016"
"1059","HGNC:10906"
"1060","HGNC:6601"
"1061","HGNC:2202"
"1062","HGNC:2203"
"1063","HGNC:25695"
"1064","HGNC:6062"
"1065","HGNC:13552"
"1066","HGNC:3544"
"1067","HGNC:3528"
"1068","HGNC:20311"
"1069","HGNC:7892"
"1070","HGNC:483"
"1071","HGNC:13436"
"1072","HGNC:11065"
"1073","HGNC:7160"
"1074","HGNC:1836"
"1075","HGNC:8565"
"1076","HGNC:20152"
"1077","HGNC:8725"
"1078","HGNC:11824"
"1079","HGNC:9407"
"1080","HGNC:2180"
"1081","HGNC:20278"
"1082","HGNC:11301"
"1083","HGNC:7797"
"1084","HGNC:11825"
"1085","HGNC:8623"
"1086","HGNC:10701"
"1087","HGNC:10419"
"1088","HGNC:7045"
"1089","HGNC:20188"
"1090","HGNC:11188"
"1091","HGNC:20499"
"1092","HGNC:11231"
"1093","HGNC:14906"
"1094","HGNC:9725"
"1095","HGNC:19714"
"1096","HGNC:20185"
"1097","HGNC:8522"
"1098","HGNC:10892"
"1099","HGNC:10887"
"1100","HGNC:23141"
"1101","HGNC:7432"
"1102","HGNC:11274"
"1103","HGNC:6913"
"1104","HGNC:8964"
"1105","HGNC:17964"
"1106","HGNC:20761"
"1107","HGNC:163"
"1108","HGNC:23247"
"1109","HGNC:20233"
"1110","HGNC:7179"
"1111","HGNC:14537"
"1112","HGNC:19857"
"1113","HGNC:6715"
"1114","HGNC:3258"
"1115","HGNC:19963"
"1116","HGNC:14282"
"1117","HGNC:11278"
"1118","HGNC:4115"
"1119","HGNC:20509"
"1120","HGNC:18884"
"1121","HGNC:1442"
"1122","HGNC:4519"
"1123","HGNC:19967"
"1124","HGNC:7106"
"1125","HGNC:1540"
"1126","HGNC:8941"
"1127","HGNC:17098"
"1128","HGNC:20134"
"1129","HGNC:20091"
"1130","HGNC:3330"
"1131","HGNC:12856"
"1132","HGNC:2961"
"1133","HGNC:19957"
"1134","HGNC:14604"
"1135","HGNC:20492"
"1136","HGNC:20122"
"1137","HGNC:23791"
"1138","HGNC:20093"
"1139","HGNC:11551"
"1140","HGNC:23794"
"1141","HGNC:17043"
"1142","HGNC:7114"
"1143","HGNC:7675"
"1144","HGNC:1190"
"1145","HGNC:11164"
"1146","HGNC:12496"
"1147","HGNC:4083"
"1148","HGNC:8101"
"1149","HGNC:4868"
"1150","HGNC:7677"
"1151","HGNC:7146"
"1152","HGNC:13672"
"1153","HGNC:1960"
"1154","HGNC:2001"
"1155","HGNC:14378"
"1156","HGNC:19687"
"1157","HGNC:1149"
"1158","HGNC:6186"
"1159","HGNC:24054"
"1160","HGNC:2910"
"1161","HGNC:18828"
"1162","HGNC:29536"
"1163","HGNC:1713"
"1164","HGNC:19141"
"1165","HGNC:16808"
"1166","HGNC:3381"
"1167","HGNC:11781"
"1168","HGNC:16691"
"1169","HGNC:16035"
"1170","HGNC:18810"
"1171","HGNC:33630"
"1172","HGNC:914"
"1173","HGNC:4175"
"1174","HGNC:8549"
"1175","HGNC:20611"
"1176","HGNC:2594"
"1177","HGNC:29514"
"1178","HGNC:2938"
"1179","HGNC:4401"
"1180","HGNC:7602"
"1181","HGNC:9766"
"1182","HGNC:21493"
"1183","HGNC:11623"
"1184","HGNC:6619"
"1185","HGNC:188"
"1186","HGNC:7599"
"1187","HGNC:10258"
"1188","HGNC:23594"
"1189","HGNC:1371"
"1190","HGNC:4867"
"1191","HGNC:20373"
"1192","HGNC:29666"
"1193","HGNC:2088"
"1194","HGNC:6840"
"1195","HGNC:6772"
"1196","HGNC:25662"
"1197","HGNC:2077"
"1198","HGNC:6392"
"1199","HGNC:4878"
"1200","HGNC:969"
"1201","HGNC:16882"
"1202","HGNC:2590"
"1203","HGNC:26114"
"1204","HGNC:7216"
"1205","HGNC:3481"
"1206","HGNC:9580"
"1207","HGNC:21205"
"1208","HGNC:2535"
"1209","HGNC:3579"
"1210","HGNC:16876"
"1211","HGNC:25789"
"1212","HGNC:567"
"1213","HGNC:28986"
"1214","HGNC:319"
"1215","HGNC:9179"
"1216","HGNC:5383"
"1217","HGNC:1058"
"1218","HGNC:1917"
"1219","HGNC:7976"
"1220","HGNC:23752"
"1221","HGNC:30922"
"1222","HGNC:409"
"1223","HGNC:17198"
"1224","HGNC:14124"
"1225","HGNC:903"
"1226","HGNC:11427"
"1227","HGNC:14153"
"1228","HGNC:14154"
"1229","HGNC:1395"
"1230","HGNC:23026"
"1231","HGNC:2025"
"1232","HGNC:29099"
"1233","HGNC:16618"
"1234","HGNC:5468"
"1235","HGNC:28569"
"1236","HGNC:7696"
"1237","HGNC:4236"
"1238","HGNC:8028"
"1239","HGNC:9008"
"1240","HGNC:33"
"1241","HGNC:1591"
"1242","HGNC:29203"
"1243","HGNC:28369"
"1244","HGNC:6998"
"1245","HGNC:29450"
"1246","HGNC:29679"
"1247","HGNC:26348"
"1248","HGNC:23"
"1249","HGNC:4585"
"1250","HGNC:3334"
"1251","HGNC:7067"
"1252","HGNC:16841"
"1253","HGNC:8609"
"1254","HGNC:697"
"1255","HGNC:12559"
"1256","HGNC:12586"
"1257","HGNC:10602"
"1258","HGNC:10600"
"1259","HGNC:18622"
"1260","HGNC:29419"
"1261","HGNC:6006"
"1262","HGNC:29068"
"1263","HGNC:2074"
"1264","HGNC:12420"
"1265","HGNC:811"
"1266","HGNC:1633"
"1267","HGNC:18874"
"1268","HGNC:6391"
"1269","HGNC:30500"
"1270","HGNC:414"
"1271","HGNC:11605"
"1272","HGNC:2252"
"1273","HGNC:8931"
"1274","HGNC:18324"
"1275","HGNC:18539"
"1276","HGNC:23663"
"1277","HGNC:16902"
"1278","HGNC:4010"
"1279","HGNC:25781"
"1280","HGNC:11037"
"1281","HGNC:13487"
"1282","HGNC:18062"
"1283","HGNC:8927"
"1284","HGNC:16762"
"1285","HGNC:2584"
"1286","HGNC:11048"
"1287","HGNC:4389"
"1288","HGNC:28958"
"1289","HGNC:1869"
"1290","HGNC:29420"
"1291","HGNC:25302"
"1292","HGNC:4512"
"1293","HGNC:6217"
"1294","HGNC:25792"
"1295","HGNC:24160"
"1296","HGNC:11831"
"1297","HGNC:1539"
"1298","HGNC:7869"
"1299","HGNC:24501"
"1300","HGNC:5209"
"1301","HGNC:13723"
"1302","HGNC:25070"
"1303","HGNC:6522"
"1304","HGNC:25557"
"1305","HGNC:1748"
"1306","HGNC:18623"
"1307","HGNC:20"
"1308","HGNC:18620"
"1309","HGNC:25507"
"1310","HGNC:19368"
"1311","HGNC:11573"
"1312","HGNC:21197"
"1313","HGNC:6938"
"1314","HGNC:37234"
"1315","HGNC:6215"
"1316","HGNC:19246"
"1317","HGNC:17110"
"1318","HGNC:12799"
"1319","HGNC:4208"
"1320","HGNC:13815"
"1321","HGNC:4137"
"1322","HGNC:7150"
"1323","HGNC:30539"
"1324","HGNC:5358"
"1325","HGNC:3809"
"1326","HGNC:16510"
"1327","HGNC:14203"
"1328","HGNC:1377"
"1329","HGNC:7529"
"1330","HGNC:626"
"1331","HGNC:27288"
"1332","HGNC:1754"
"1333","HGNC:21316"
"1334","HGNC:11237"
"1335","HGNC:1770"
"1336","HGNC:6929"
"1337","HGNC:4166"
"1338","HGNC:15717"
"1339","HGNC:26600"
"1340","HGNC:9075"
"1341","HGNC:8824"
"1342","HGNC:3003"
"1343","HGNC:756"
"1344","HGNC:2518"
"1345","HGNC:20997"
"1346","HGNC:4439"
"1347","HGNC:8881"
"1348","HGNC:3354"
"1349","HGNC:6317"
"1350","HGNC:30225"
"1351","HGNC:1243"
"1352","HGNC:14374"
"1353","HGNC:359"
"1354","HGNC:21043"
"1355","HGNC:29110"
"1356","HGNC:92"
"1357","HGNC:11927"
"1358","HGNC:11998"
"1359","HGNC:25522"
"1360","HGNC:4689"
"1361","HGNC:430"
"1362","HGNC:13743"
"1363","HGNC:28128"
"1364","HGNC:26169"
"1365","HGNC:10327"
"1366","HGNC:30035"
"1367","HGNC:8029"
"1368","HGNC:10603"
"1369","HGNC:14198"
"1370","HGNC:2260"
"1371","HGNC:9118"
"1372","HGNC:26006"
"1373","HGNC:12463"
"1374","HGNC:18153"
"1375","HGNC:9834"
"1376","HGNC:18802"
"1377","HGNC:3750"
"1378","HGNC:11992"
"1379","HGNC:24123"
"1380","HGNC:18085"
"1381","HGNC:30521"
"1382","HGNC:12765"
"1383","HGNC:12565"
"1384","HGNC:13387"
"1385","HGNC:3424"
"1386","HGNC:21158"
"1387","HGNC:9823"
"1388","HGNC:32689"
"1389","HGNC:8854"
"1390","HGNC:11547"
"1391","HGNC:23213"
"1392","HGNC:6593"
"1393","HGNC:84"
"1394","HGNC:11630"
"1395","HGNC:23719"
"1396","HGNC:3430"
"1397","HGNC:9864"
"1398","HGNC:11989"
"1399","HGNC:30839"
"1400","HGNC:6413"
"1401","HGNC:6414"
"1402","HGNC:6415"
"1403","HGNC:6447"
"1404","HGNC:6423"
"1405","HGNC:6427"
"1406","HGNC:6207"
"1407","HGNC:18829"
"1408","HGNC:25280"
"1409","HGNC:4847"
"1410","HGNC:11367"
"1411","HGNC:7632"
"1412","HGNC:29932"
"1413","HGNC:11645"
"1414","HGNC:17928"
"1415","HGNC:12417"
"1416","HGNC:14544"
"1417","HGNC:4056"
"1418","HGNC:10328"
"1419","HGNC:7013"
"1420","HGNC:13771"
"1421","HGNC:17996"
"1422","HGNC:24861"
"1423","HGNC:12511"
"1424","HGNC:11027"
"1425","HGNC:4601"
"1426","HGNC:6138"
"1427","HGNC:30858"
"1428","HGNC:32700"
"1429","HGNC:4235"
"1430","HGNC:29017"
"1431","HGNC:6893"
"1432","HGNC:24565"
"1433","HGNC:12782"
"1434","HGNC:4431"
"1435","HGNC:7585"
"1436","HGNC:6156"
"1437","HGNC:11599"
"1438","HGNC:30260"
"1439","HGNC:5111"
"1440","HGNC:2917"
"1441","HGNC:6139"
"1442","HGNC:15517"
"1443","HGNC:1394"
"1444","HGNC:7849"
"1445","HGNC:2852"
"1446","HGNC:18505"
"1447","HGNC:11737"
"1448","HGNC:7523"
"1449","HGNC:2092"
"1450","HGNC:24265"
"1451","HGNC:9277"
"1452","HGNC:24316"
"1453","HGNC:30172"
"1454","HGNC:11107"
"1455","HGNC:4261"
"1456","HGNC:9180"
"1457","HGNC:10004"
"1458","HGNC:904"
"1459","HGNC:9557"
"1460","HGNC:3581"
"1461","HGNC:9388"
"1462","HGNC:35"
"1463","HGNC:11204"
"1464","HGNC:6545"
"1465","HGNC:18744"
"1466","HGNC:11075"
"1467","HGNC:3642"
"1468","HGNC:14499"
"1469","HGNC:4118"
"1470","HGNC:23147"
"1471","HGNC:119"
"1472","HGNC:20788"
"1473","HGNC:26988"
"1474","HGNC:7323"
"1475","HGNC:18021"
"1476","HGNC:20474"
"1477","HGNC:1552"
"1478","HGNC:26090"
"1479","HGNC:4065"
"1480","HGNC:18683"
"1481","HGNC:16446"
"1482","HGNC:10818"
"1483","HGNC:14539"
"1484","HGNC:144"
"1485","HGNC:4192"
"1486","HGNC:678"
"1487","HGNC:2452"
"1488","HGNC:25072"
"1489","HGNC:25843"
"1490","HGNC:11776"
"1491","HGNC:6481"
"1492","HGNC:7717"
"1493","HGNC:15718"
"1494","HGNC:4388"
"1495","HGNC:20776"
"1496","HGNC:315"
"1497","HGNC:9650"
"1498","HGNC:6930"
"1499","HGNC:31042"
"1500","HGNC:21086"
"1501","HGNC:7897"
"1502","HGNC:11538"
"1503","HGNC:18249"
"1504","HGNC:3037"
"1505","HGNC:3036"
"1506","HGNC:3048"
"1507","HGNC:21307"
"1508","HGNC:12405"
"1509","HGNC:21150"
"1510","HGNC:29357"
"1511","HGNC:3057"
"1512","HGNC:18248"
"1513","HGNC:18234"
"1514","HGNC:15573"
"1515","HGNC:29331"
"1516","HGNC:823"
"1517","HGNC:18550"
"1518","HGNC:7603"
"1519","HGNC:26530"
"1520","HGNC:2701"
"1521","HGNC:3647"
"1522","HGNC:3706"
"1523","HGNC:6819"
"1524","HGNC:18662"
"1525","HGNC:6631"
"1526","HGNC:11908"
"1527","HGNC:990"
"1528","HGNC:4021"
"1529","HGNC:13902"
"1530","HGNC:8952"
"1531","HGNC:18654"
"1532","HGNC:2570"
"1533","HGNC:10669"
"1534","HGNC:30551"
"1535","HGNC:9495"
"1536","HGNC:3309"
"1537","HGNC:2771"
"1538","HGNC:37"
"1539","HGNC:4556"
"1540","HGNC:11389"
"1541","HGNC:7714"
"1542","HGNC:4136"
"1543","HGNC:24036"
"1544","HGNC:25151"
"1545","HGNC:568"
"1546","HGNC:30788"
"1547","HGNC:18286"
"1548","HGNC:779"
"1549","HGNC:3214"
"1550","HGNC:6842"
"1551","HGNC:10830"
"1552","HGNC:18648"
"1553","HGNC:8007"
"1554","HGNC:20371"
"1555","HGNC:2084"
"1556","HGNC:20774"
"1557","HGNC:1318"
"1558","HGNC:13356"
"1559","HGNC:16268"
"1560","HGNC:40038"
"1561","HGNC:11445"
"1562","HGNC:16692"
"1563","HGNC:9761"
"1564","HGNC:13201"
"1565","HGNC:23140"
"1566","HGNC:8540"
"1567","HGNC:2976"
"1568","HGNC:12440"
"1569","HGNC:23177"
"1570","HGNC:1790"
"1571","HGNC:6547"
"1572","HGNC:29300"
"1573","HGNC:19189"
"1574","HGNC:3416"
"1575","HGNC:28303"
"1576","HGNC:9411"
"1577","HGNC:124"
"1578","HGNC:18518"
"1579","HGNC:6345"
"1580","HGNC:4189"
"1581","HGNC:1455"
"1582","HGNC:30237"
"1583","HGNC:4551"
"1584","HGNC:3337"
"1585","HGNC:26820"
"1586","HGNC:24634"
"1587","HGNC:14880"
"1588","HGNC:23150"
"1589","HGNC:6086"
"1590","HGNC:6193"
"1591","HGNC:5971"
"1592","HGNC:2227"
"1593","HGNC:14253"
"1594","HGNC:9987"
"1595","HGNC:17194"
"1596","HGNC:30304"
"1597","HGNC:11067"
"1598","HGNC:1833"
"1599","HGNC:8840"
"1600","HGNC:15993"
"1601","HGNC:4458"
"1602","HGNC:10586"
"1603","HGNC:15598"
"1604","HGNC:6783"
"1605","HGNC:2280"
"1606","HGNC:30100"
"1607","HGNC:7908"
"1608","HGNC:24502"
"1609","HGNC:11247"
"1610","HGNC:166"
"1611","HGNC:17697"
"1612","HGNC:29515"
"1613","HGNC:23656"
"1614","HGNC:3092"
"1615","HGNC:17158"
"1616","HGNC:13797"
"1617","HGNC:14896"
"1618","HGNC:19041"
"1619","HGNC:905"
"1620","HGNC:28636"
"1621","HGNC:986"
"1622","HGNC:10402"
"1623","HGNC:801"
"1624","HGNC:3444"
"1625","HGNC:14214"
"1626","HGNC:23287"
"1627","HGNC:12828"
"1628","HGNC:6293"
"1629","HGNC:18001"
"1630","HGNC:613"
"1631","HGNC:609"
"1632","HGNC:9956"
"1633","HGNC:20914"
"1634","HGNC:10468"
"1635","HGNC:8142"
"1636","HGNC:10891"
"1637","HGNC:1449"
"1638","HGNC:6404"
"1639","HGNC:26560"
"1640","HGNC:4588"
"1641","HGNC:11459"
"1642","HGNC:10310"
"1643","HGNC:3999"
"1644","HGNC:4706"
"1645","HGNC:6584"
"1646","HGNC:17993"
"1647","HGNC:10447"
"1648","HGNC:18540"
"1649","HGNC:26219"
"1650","HGNC:28845"
"1651","HGNC:9154"
"1652","HGNC:8066"
"1653","HGNC:23212"
"1654","HGNC:6235"
"1655","HGNC:11242"
"1656","HGNC:14376"
"1657","HGNC:3482"
"1658","HGNC:9302"
"1659","HGNC:22938"
"1660","HGNC:9402"
"1661","HGNC:15505"
"1662","HGNC:15506"
"1663","HGNC:14388"
"1664","HGNC:30492"
"1665","HGNC:11391"
"1666","HGNC:16384"
"1667","HGNC:15864"
"1668","HGNC:2457"
"1669","HGNC:16187"
"1670","HGNC:16175"
"1671","HGNC:8820"
"1672","HGNC:11779"
"1673","HGNC:16255"
"1674","HGNC:15911"
"1675","HGNC:894"
"1676","HGNC:16110"
"1677","HGNC:6176"
"1678","HGNC:15894"
"1679","HGNC:9449"
"1680","HGNC:16147"
"1681","HGNC:1069"
"1682","HGNC:15917"
"1683","HGNC:9059"
"1684","HGNC:7108"
"1685","HGNC:6188"
"1686","HGNC:15899"
"1687","HGNC:3762"
"1688","HGNC:16205"
"1689","HGNC:15804"
"1690","HGNC:8615"
"1691","HGNC:11784"
"1692","HGNC:2475"
"1693","HGNC:12723"
"1694","HGNC:28980"
"1695","HGNC:16232"
"1696","HGNC:16243"
"1697","HGNC:14988"
"1698","HGNC:16252"
"1699","HGNC:11167"
"1700","HGNC:343"
"1701","HGNC:4624"
"1702","HGNC:3378"
"1703","HGNC:11283"
"1704","HGNC:14202"
"1705","HGNC:5024"
"1706","HGNC:186"
"1707","HGNC:11408"
"1708","HGNC:14938"
"1709","HGNC:9251"
"1710","HGNC:7176"
"1711","HGNC:13818"
"1712","HGNC:11919"
"1713","HGNC:15853"
"1714","HGNC:6231"
"1715","HGNC:9603"
"1716","HGNC:15766"
"1717","HGNC:15924"
"1718","HGNC:2602"
"1719","HGNC:8724"
"1720","HGNC:12649"
"1721","HGNC:16257"
"1722","HGNC:838"
"1723","HGNC:3178"
"1724","HGNC:15802"
"1725","HGNC:2219"
"1726","HGNC:16192"
"1727","HGNC:1958"
"1728","HGNC:6296"
"1729","HGNC:3192"
"1730","HGNC:15888"
"1731","HGNC:16235"
"1732","HGNC:9490"
"1733","HGNC:620"
"1734","HGNC:11179"
"1735","HGNC:1304"
"1736","HGNC:1301"
"1737","HGNC:11503"
"1738","HGNC:5965"
"1739","HGNC:5440"
"1740","HGNC:2993"
"1741","HGNC:6242"
"1742","HGNC:6240"
"1743","HGNC:10471"
"1744","HGNC:4976"
"1745","HGNC:3091"
"1746","HGNC:496"
"1747","HGNC:12371"
"1748","HGNC:11142"
"1749","HGNC:2482"
"1750","HGNC:1260"
"1751","HGNC:6155"
"1752","HGNC:2195"
"1753","HGNC:3974"
"1754","HGNC:22965"
"1755","HGNC:12410"
"1756","HGNC:12616"
"1757","HGNC:9453"
"1758","HGNC:29501"
"1759","HGNC:11546"
"1760","HGNC:10537"
"1761","HGNC:4387"
"1762","HGNC:4394"
"1763","HGNC:469"
"1764","HGNC:21297"
"1765","HGNC:31399"
"1766","HGNC:6220"
"1767","HGNC:28769"
"1768","HGNC:6239"
"1769","HGNC:10922"
"1770","HGNC:20889"
"1771","HGNC:9652"
"1772","HGNC:468"
"1773","HGNC:7989"
"1774","HGNC:7808"
"1775","HGNC:1513"
"1776","HGNC:5950"
"1777","HGNC:12730"
"1778","HGNC:5218"
"1779","HGNC:5008"
"1780","HGNC:4887"
"1781","HGNC:8853"
"1782","HGNC:4279"
"1783","HGNC:4281"
"1784","HGNC:10771"
"1785","HGNC:14579"
"1786","HGNC:30740"
"1787","HGNC:19706"
"1788","HGNC:2536"
"1789","HGNC:13420"
"1790","HGNC:29277"
"1791","HGNC:9986"
"1792","HGNC:18801"
"1793","HGNC:10260"
"1794","HGNC:11791"
"1795","HGNC:3748"
"1796","HGNC:33276"
"1797","HGNC:6663"
"1798","HGNC:30778"
"1799","HGNC:10416"
"1800","HGNC:16915"
"1801","HGNC:1962"
"1802","HGNC:225"
"1803","HGNC:9141"
"1804","HGNC:24671"
"1805","HGNC:3007"
"1806","HGNC:7508"
"1807","HGNC:9020"
"1808","HGNC:3631"
"1809","HGNC:19088"
"1810","HGNC:30935"
"1811","HGNC:10023"
"1812","HGNC:682"
"1813","HGNC:29796"
"1814","HGNC:18453"
"1815","HGNC:9343"
"1816","HGNC:11272"
"1817","HGNC:18858"
"1818","HGNC:6256"
"1819","HGNC:800"
"1820","HGNC:1512"
"1821","HGNC:24891"
"1822","HGNC:9713"
"1823","HGNC:26941"
"1824","HGNC:7708"
"1825","HGNC:7225"
"1826","HGNC:3619"
"1827","HGNC:15626"
"1828","HGNC:791"
"1829","HGNC:8632"
"1830","HGNC:1677"
"1831","HGNC:21285"
"1832","HGNC:23694"
"1833","HGNC:11596"
"1834","HGNC:10938"
"1835","HGNC:3542"
"1836","HGNC:9142"
"1837","HGNC:3771"
"1838","HGNC:7610"
"1839","HGNC:8960"
"1840","HGNC:11936"
"1841","HGNC:11934"
"1842","HGNC:775"
"1843","HGNC:13394"
"1844","HGNC:12827"
"1845","HGNC:10050"
"1846","HGNC:16791"
"1847","HGNC:18866"
"1848","HGNC:4883"
"1849","HGNC:24668"
"1850","HGNC:3534"
"1851","HGNC:19048"
"1852","HGNC:9666"
"1853","HGNC:25360"
"1854","HGNC:1397"
"1855","HGNC:9023"
"1856","HGNC:11161"
"1857","HGNC:9958"
"1858","HGNC:14951"
"1859","HGNC:2172"
"1860","HGNC:29043"
"1861","HGNC:5962"
"1862","HGNC:2665"
"1863","HGNC:2336"
"1864","HGNC:5208"
"1865","HGNC:6121"
"1866","HGNC:23143"
"1867","HGNC:18270"
"1868","HGNC:19689"
"1869","HGNC:9647"
"1870","HGNC:1857"
"1871","HGNC:25355"
"1872","HGNC:3418"
"1873","HGNC:19711"
"1874","HGNC:21208"
"1875","HGNC:3401"
"1876","HGNC:30262"
"1877","HGNC:16812"
"1878","HGNC:15983"
"1879","HGNC:6546"
"1880","HGNC:29561"
"1881","HGNC:1232"
"1882","HGNC:18025"
"1883","HGNC:21729"
"1884","HGNC:28596"
"1885","HGNC:1968"
"1886","HGNC:14341"
"1887","HGNC:7468"
"1888","HGNC:10484"
"1889","HGNC:1952"
"1890","HGNC:14074"
"1891","HGNC:17655"
"1892","HGNC:10671"
"1893","HGNC:393"
"1894","HGNC:13030"
"1895","HGNC:26970"
"1896","HGNC:7623"
"1897","HGNC:24284"
"1898","HGNC:18466"
"1899","HGNC:10440"
"1900","HGNC:29508"
"1901","HGNC:195"
"1902","HGNC:11811"
"1903","HGNC:13345"
"1904","HGNC:15625"
"1905","HGNC:7559"
"1906","HGNC:6909"
"1907","HGNC:603"
"1908","HGNC:23805"
"1909","HGNC:4801"
"1910","HGNC:4803"
"1911","HGNC:24245"
"1912","HGNC:8515"
"1913","HGNC:6278"
"1914","HGNC:1424"
"1915","HGNC:7224"
"1916","HGNC:3260"
"1917","HGNC:9282"
"1918","HGNC:427"
"1919","HGNC:12805"
"1920","HGNC:11285"
"1921","HGNC:11233"
"1922","HGNC:16412"
"1923","HGNC:2597"
"1924","HGNC:11187"
"1925","HGNC:4796"
"1926","HGNC:24595"
"1927","HGNC:13886"
"1928","HGNC:13887"
"1929","HGNC:15714"
"1930","HGNC:9276"
"1931","HGNC:11025"
"1932","HGNC:30228"
"1933","HGNC:26276"
"1934","HGNC:10889"
"1935","HGNC:10888"
"1936","HGNC:3374"
"1937","HGNC:14312"
"1938","HGNC:18451"
"1939","HGNC:1445"
"1940","HGNC:13590"
"1941","HGNC:6585"
"1942","HGNC:3969"
"1943","HGNC:8008"
"1944","HGNC:25523"
"1945","HGNC:23166"
"1946","HGNC:13221"
"1947","HGNC:8855"
"1948","HGNC:28027"
"1949","HGNC:10942"
"1950","HGNC:16287"
"1951","HGNC:11802"
"1952","HGNC:11765"
"1953","HGNC:24669"
"1954","HGNC:853"
"1955","HGNC:16732"
"1956","HGNC:20581"
"1957","HGNC:11257"
"1958","HGNC:16950"
"1959","HGNC:2858"
"1960","HGNC:24415"
"1961","HGNC:2711"
"1962","HGNC:24862"
"1963","HGNC:14348"
"1964","HGNC:11449"
"1965","HGNC:4247"
"1966","HGNC:10801"
"1967","HGNC:10872"
"1968","HGNC:17264"
"1969","HGNC:25786"
"1970","HGNC:1706"
"1971","HGNC:3255"
"1972","HGNC:10297"
"1973","HGNC:282"
"1974","HGNC:26038"
"1975","HGNC:19263"
"1976","HGNC:12858"
"1977","HGNC:28385"
"1978","HGNC:2150"
"1979","HGNC:33848"
"1980","HGNC:14927"
"1981","HGNC:29569"
"1982","HGNC:2895"
"1983","HGNC:7905"
"1984","HGNC:1148"
"1985","HGNC:26877"
"1986","HGNC:15561"
"1987","HGNC:6000"
"1988","HGNC:24592"
"1989","HGNC:4318"
"1990","HGNC:3435"
"1991","HGNC:9451"
"1992","HGNC:28178"
"1993","HGNC:18292"
"1994","HGNC:17063"
"1995","HGNC:6530"
"1996","HGNC:6949"
"1997","HGNC:2678"
"1998","HGNC:2561"
"1999","HGNC:5028"
"2000","HGNC:6469"
"2001","HGNC:14881"
"2002","HGNC:20444"
"2003","HGNC:25221"
"2004","HGNC:1404"
"2005","HGNC:24048"
"2006","HGNC:171"
"2007","HGNC:18873"
"2008","HGNC:10590"
"2009","HGNC:10588"
"2010","HGNC:25660"
"2011","HGNC:10585"
"2012","HGNC:10597"
"2013","HGNC:42"
"2014","HGNC:970"
"2015","HGNC:25784"
"2016","HGNC:10982"
"2017","HGNC:12736"
"2018","HGNC:21610"
"2019","HGNC:5133"
"2020","HGNC:7782"
"2021","HGNC:327"
"2022","HGNC:8773"
"2023","HGNC:9438"
"2024","HGNC:26821"
"2025","HGNC:7762"
"2026","HGNC:10909"
"2027","HGNC:4223"
"2028","HGNC:4908"
"2029","HGNC:11362"
"2030","HGNC:11365"
"2031","HGNC:29853"
"2032","HGNC:25712"
"2033","HGNC:10768"
"2034","HGNC:25133"
"2035","HGNC:7698"
"2036","HGNC:1500"
"2037","HGNC:1509"
"2038","HGNC:14432"
"2039","HGNC:12502"
"2040","HGNC:1078"
"2041","HGNC:1653"
"2042","HGNC:2505"
"2043","HGNC:5351"
"2044","HGNC:7707"
"2045","HGNC:29160"
"2046","HGNC:2410"
"2047","HGNC:5382"
"2048","HGNC:23785"
"2049","HGNC:88"
"2050","HGNC:2323"
"2051","HGNC:3432"
"2052","HGNC:952"
"2053","HGNC:14637"
"2054","HGNC:794"
"2055","HGNC:3778"
"2056","HGNC:11102"
"2057","HGNC:9153"
"2058","HGNC:10907"
"2059","HGNC:1020"
"2060","HGNC:17209"
"2061","HGNC:2605"
"2062","HGNC:13829"
"2063","HGNC:5956"
"2064","HGNC:25737"
"2065","HGNC:47"
"2066","HGNC:12407"
"2067","HGNC:5228"
"2068","HGNC:22923"
"2069","HGNC:3388"
"2070","HGNC:17800"
"2071","HGNC:16650"
"2072","HGNC:2553"
"2073","HGNC:2206"
"2074","HGNC:2204"
"2075","HGNC:24858"
"2076","HGNC:16266"
"2077","HGNC:12306"
"2078","HGNC:5401"
"2079","HGNC:20730"
"2080","HGNC:8788"
"2081","HGNC:11960"
"2082","HGNC:6259"
"2083","HGNC:29643"
"2084","HGNC:8846"
"2085","HGNC:17861"
"2086","HGNC:7684"
"2087","HGNC:4492"
"2088","HGNC:341"
"2089","HGNC:28358"
"2090","HGNC:17341"
"2091","HGNC:30185"
"2092","HGNC:20376"
"2093","HGNC:6180"
"2094","HGNC:1529"
"2095","HGNC:26190"
"2096","HGNC:8125"
"2097","HGNC:26926"
"2098","HGNC:14630"
"2099","HGNC:12687"
"2100","HGNC:11042"
"2101","HGNC:28422"
"2102","HGNC:12816"
"2103","HGNC:28033"
"2104","HGNC:2226"
"2105","HGNC:1122"
"2106","HGNC:25088"
"2107","HGNC:10306"
"2108","HGNC:17646"
"2109","HGNC:30611"
"2110","HGNC:28956"
"2111","HGNC:2379"
"2112","HGNC:9060"
"2113","HGNC:2899"
"2114","HGNC:7562"
"2115","HGNC:174"
"2116","HGNC:10582"
"2117","HGNC:10583"
"2118","HGNC:30914"
"2119","HGNC:26054"
"2120","HGNC:6502"
"2121","HGNC:2514"
"2122","HGNC:29947"
"2123","HGNC:25902"
"2124","HGNC:25519"
"2125","HGNC:21396"
"2126","HGNC:17095"
"2127","HGNC:30927"
"2128","HGNC:6741"
"2129","HGNC:1602"
"2130","HGNC:11701"
"2131","HGNC:7584"
"2132","HGNC:31928"
"2133","HGNC:18420"
"2134","HGNC:16716"
"2135","HGNC:12269"
"2136","HGNC:1421"
"2137","HGNC:29918"
"2138","HGNC:24713"
"2139","HGNC:9751"
"2140","HGNC:6487"
"2141","HGNC:4553"
"2142","HGNC:473"
"2143","HGNC:7380"
"2144","HGNC:4385"
"2145","HGNC:5320"
"2146","HGNC:9882"
"2147","HGNC:19412"
"2148","HGNC:24969"
"2149","HGNC:177"
"2150","HGNC:24488"
"2151","HGNC:24247"
"2152","HGNC:2940"
"2153","HGNC:950"
"2154","HGNC:9399"
"2155","HGNC:11834"
"2156","HGNC:1391"
"2157","HGNC:17616"
"2158","HGNC:2959"
"2159","HGNC:8808"
"2160","HGNC:120"
"2161","HGNC:10560"
"2162","HGNC:20661"
"2163","HGNC:7105"
"2164","HGNC:3823"
"2165","HGNC:10250"
"2166","HGNC:10249"
"2167","HGNC:24537"
"2168","HGNC:9456"
"2169","HGNC:25419"
"2170","HGNC:2321"
"2171","HGNC:25622"
"2172","HGNC:11758"
"2173","HGNC:26022"
"2174","HGNC:17367"
"2175","HGNC:25631"
"2176","HGNC:29216"
"2177","HGNC:22954"
"2178","HGNC:1321"
"2179","HGNC:4892"
"2180","HGNC:28949"
"2181","HGNC:1514"
"2182","HGNC:2481"
"2183","HGNC:16628"
"2184","HGNC:236"
"2185","HGNC:12563"
"2186","HGNC:12933"
"2187","HGNC:26444"
"2188","HGNC:18276"
"2189","HGNC:9788"
"2190","HGNC:21497"
"2191","HGNC:4444"
"2192","HGNC:13164"
"2193","HGNC:12298"
"2194","HGNC:13211"
"2195","HGNC:10379"
"2196","HGNC:30343"
"2197","HGNC:23230"
"2198","HGNC:11740"
"2199","HGNC:10955"
"2200","HGNC:25815"
"2201","HGNC:8654"
"2202","HGNC:11354"
"2203","HGNC:26551"
"2204","HGNC:1092"
"2205","HGNC:14508"
"2206","HGNC:2232"
"2207","HGNC:9872"
"2208","HGNC:12872"
"2209","HGNC:4699"
"2210","HGNC:15597"
"2211","HGNC:2295"
"2212","HGNC:18124"
"2213","HGNC:7154"
"2214","HGNC:95"
"2215","HGNC:7125"
"2216","HGNC:13780"
"2217","HGNC:5969"
"2218","HGNC:10856"
"2219","HGNC:8761"
"2220","HGNC:8943"
"2221","HGNC:3498"
"2222","HGNC:30765"
"2223","HGNC:4267"
"2224","HGNC:29935"
"2225","HGNC:29529"
"2226","HGNC:20731"
"2227","HGNC:25244"
"2228","HGNC:30528"
"2229","HGNC:11195"
"2230","HGNC:6936"
"2231","HGNC:25947"
"2232","HGNC:3261"
"2233","HGNC:3296"
"2234","HGNC:2020"
"2235","HGNC:11795"
"2236","HGNC:3247"
"2237","HGNC:18483"
"2238","HGNC:14889"
"2239","HGNC:5181"
"2240","HGNC:1001"
"2241","HGNC:6679"
"2242","HGNC:2037"
"2243","HGNC:3668"
"2244","HGNC:11763"
"2245","HGNC:8754"
"2246","HGNC:28482"
"2247","HGNC:26661"
"2248","HGNC:28209"
"2249","HGNC:28991"
"2250","HGNC:10345"
"2251","HGNC:12926"
"2252","HGNC:25985"
"2253","HGNC:2309"
"2254","HGNC:10993"
"2255","HGNC:3693"
"2256","HGNC:2494"
"2257","HGNC:29304"
"2258","HGNC:4851"
"2259","HGNC:7391"
"2260","HGNC:19747"
"2261","HGNC:3497"
"2262","HGNC:12762"
"2263","HGNC:13446"
"2264","HGNC:9768"
"2265","HGNC:9752"
"2266","HGNC:9237"
"2267","HGNC:11020"
"2268","HGNC:5724"
"2269","HGNC:9143"
"2270","HGNC:1329"
"2271","HGNC:25799"
"2272","HGNC:4081"
"2273","HGNC:10806"
"2274","HGNC:8803"
"2275","HGNC:6307"
"2276","HGNC:29086"
"2277","HGNC:11303"
"2278","HGNC:11245"
"2279","HGNC:9966"
"2280","HGNC:5476"
"2281","HGNC:27365"
"2282","HGNC:11030"
"2283","HGNC:317"
"2284","HGNC:1665"
"2285","HGNC:13993"
"2286","HGNC:3683"
"2287","HGNC:5037"
"2288","HGNC:25223"
"2289","HGNC:20751"
"2290","HGNC:6872"
"2291","HGNC:9009"
"2292","HGNC:19367"
"2293","HGNC:11138"
"2294","HGNC:1077"
"2295","HGNC:7467"
"2296","HGNC:9314"
"2297","HGNC:20862"
"2298","HGNC:7794"
"2299","HGNC:6831"
"2300","HGNC:24212"
"2301","HGNC:25941"
"2302","HGNC:28883"
"2303","HGNC:28261"
"2304","HGNC:20582"
"2305","HGNC:4799"
"2306","HGNC:5394"
"2307","HGNC:3229"
"2308","HGNC:9005"
"2309","HGNC:24912"
"2310","HGNC:493"
"2311","HGNC:9477"
"2312","HGNC:1330"
"2313","HGNC:18758"
"2314","HGNC:12335"
"2315","HGNC:6005"
"2316","HGNC:26648"
"2317","HGNC:18119"
"2318","HGNC:29239"
"2319","HGNC:28486"
"2320","HGNC:30782"
"2321","HGNC:16075"
"2322","HGNC:18871"
"2323","HGNC:3179"
"2324","HGNC:7979"
"2325","HGNC:1742"
"2326","HGNC:6758"
"2327","HGNC:3662"
"2328","HGNC:3661"
"2329","HGNC:3694"
"2330","HGNC:4685"
"2331","HGNC:3483"
"2332","HGNC:10545"
"2333","HGNC:11843"
"2334","HGNC:17068"
"2335","HGNC:7744"
"2336","HGNC:5154"
"2337","HGNC:25751"
"2338","HGNC:10990"
"2339","HGNC:25640"
"2340","HGNC:6371"
"2341","HGNC:3529"
"2342","HGNC:3954"
"2343","HGNC:50800"
"2344","HGNC:11073"
"2345","HGNC:12307"
"2346","HGNC:27960"
"2347","HGNC:11730"
"2348","HGNC:11049"
"2349","HGNC:7713"
"2350","HGNC:7473"
"2351","HGNC:1618"
"2352","HGNC:2950"
"2353","HGNC:12303"
"2354","HGNC:25964"
"2355","HGNC:17277"
"2356","HGNC:16472"
"2357","HGNC:451"
"2358","HGNC:27030"
"2359","HGNC:9446"
"2360","HGNC:6024"
"2361","HGNC:26404"
"2362","HGNC:10941"
"2363","HGNC:25801"
"2364","HGNC:8063"
"2365","HGNC:4232"
"2366","HGNC:8507"
"2367","HGNC:4036"
"2368","HGNC:1358"
"2369","HGNC:1346"
"2370","HGNC:1339"
"2371","HGNC:8527"
"2372","HGNC:4263"
"2373","HGNC:7863"
"2374","HGNC:4845"
"2375","HGNC:6137"
"2376","HGNC:7193"
"2377","HGNC:7711"
"2378","HGNC:5248"
"2379","HGNC:40050"
"2380","HGNC:18576"
"2381","HGNC:18969"
"2382","HGNC:25681"
"2383","HGNC:6848"
"2384","HGNC:8783"
"2385","HGNC:28086"
"2386","HGNC:6318"
"2387","HGNC:5286"
"2388","HGNC:10664"
"2389","HGNC:8104"
"2390","HGNC:11117"
"2391","HGNC:6937"
"2392","HGNC:4879"
"2393","HGNC:2205"
"2394","HGNC:8794"
"2395","HGNC:566"
"2396","HGNC:24475"
"2397","HGNC:2861"
"2398","HGNC:7326"
"2399","HGNC:10410"
"2400","HGNC:9871"
"2401","HGNC:6996"
"2402","HGNC:7975"
"2403","HGNC:23639"
"2404","HGNC:1515"
"2405","HGNC:18173"
"2406","HGNC:1915"
"2407","HGNC:16280"
"2408","HGNC:5213"
"2409","HGNC:11139"
"2410","HGNC:9350"
"2411","HGNC:877"
"2412","HGNC:6637"
"2413","HGNC:4912"
"2414","HGNC:28072"
"2415","HGNC:10969"
"2416","HGNC:9091"
"2417","HGNC:338"
"2418","HGNC:12472"
"2419","HGNC:12974"
"2420","HGNC:7683"
"2421","HGNC:6501"
"2422","HGNC:24338"
"2423","HGNC:4573"
"2424","HGNC:19073"
"2425","HGNC:592"
"2426","HGNC:10820"
"2427","HGNC:5948"
"2428","HGNC:5157"
"2429","HGNC:11935"
"2430","HGNC:685"
"2431","HGNC:9910"
"2432","HGNC:14963"
"2433","HGNC:3551"
"2434","HGNC:13554"
"2435","HGNC:11199"
"2436","HGNC:3775"
"2437","HGNC:3776"
"2438","HGNC:2568"
"2439","HGNC:5004"
"2440","HGNC:4077"
"2441","HGNC:816"
"2442","HGNC:28434"
"2443","HGNC:11055"
"2444","HGNC:16695"
"2445","HGNC:61"
"2446","HGNC:11326"
"2447","HGNC:897"
"2448","HGNC:4839"
"2449","HGNC:9936"
"2450","HGNC:4206"
"2451","HGNC:868"
"2452","HGNC:4226"
"2453","HGNC:4057"
"2454","HGNC:2890"
"2455","HGNC:3546"
"2456","HGNC:16499"
"2457","HGNC:11486"
"2458","HGNC:10853"
"2459","HGNC:2435"
"2460","HGNC:11311"
"2461","HGNC:12381"
"2462","HGNC:12633"
"2463","HGNC:2699"
"2464","HGNC:12668"
"2465","HGNC:1810"
"2466","HGNC:18568"
"2467","HGNC:11115"
"2468","HGNC:18501"
"2469","HGNC:9912"
"2470","HGNC:21504"
"2471","HGNC:14024"
"2472","HGNC:13508"
"2473","HGNC:2682"
"2474","HGNC:15964"
"2475","HGNC:15965"
"2476","HGNC:15966"
"2477","HGNC:1809"
"2478","HGNC:7456"
"2479","HGNC:7415"
"2480","HGNC:7414"
"2481","HGNC:7458"
"2482","HGNC:7460"
"2483","HGNC:7427"
"2484","HGNC:719"
"2485","HGNC:14287"
"2486","HGNC:11425"
"2487","HGNC:20145"
"2488","HGNC:2022"
"2489","HGNC:7095"
"2490","HGNC:29007"
"2491","HGNC:23068"
"2492","HGNC:7820"
"2493","HGNC:10457"
"2494","HGNC:8926"
"2495","HGNC:4516"
"2496","HGNC:8806"
"2497","HGNC:19701"
"2498","HGNC:11123"
"2499","HGNC:26392"
"2500","HGNC:29347"
"2501","HGNC:3267"
"2502","HGNC:8811"
"2503","HGNC:5996"
"2504","HGNC:7960"
"2505","HGNC:4289"
"2506","HGNC:12811"
"2507","HGNC:8512"
"2508","HGNC:11854"
"2509","HGNC:18305"
"2510","HGNC:12632"
"2511","HGNC:25439"
"2512","HGNC:4838"
"2513","HGNC:11133"
"2514","HGNC:6742"
"2515","HGNC:15559"
"2516","HGNC:7097"
"2517","HGNC:16297"
"2518","HGNC:4250"
"2519","HGNC:18150"
"2520","HGNC:15844"
"2521","HGNC:7180"
"2522","HGNC:16627"
"2523","HGNC:17550"
"2524","HGNC:3508"
"2525","HGNC:7737"
"2526","HGNC:7773"
"2527","HGNC:11653"
"2528","HGNC:23573"
"2529","HGNC:18423"
"2530","HGNC:11036"
"2531","HGNC:13586"
"2532","HGNC:5013"
"2533","HGNC:6948"
"2534","HGNC:7579"
"2535","HGNC:17772"
"2536","HGNC:1406"
"2537","HGNC:18626"
"2538","HGNC:7662"
"2539","HGNC:2436"
"2540","HGNC:25705"
"2541","HGNC:16517"
"2542","HGNC:6009"
"2543","HGNC:9802"
"2544","HGNC:9039"
"2545","HGNC:2955"
"2546","HGNC:8800"
"2547","HGNC:291"
"2548","HGNC:28052"
"2549","HGNC:118"
"2550","HGNC:17755"
"2551","HGNC:7631"
"2552","HGNC:2873"
"2553","HGNC:18149"
"2554","HGNC:3600"
"2555","HGNC:10549"
"2556","HGNC:25481"
"2557","HGNC:19358"
"2558","HGNC:17082"
"2559","HGNC:18127"
"2560","HGNC:10542"
"2561","HGNC:10604"
"2562","HGNC:3148"
"2563","HGNC:1938"
"2564","HGNC:713"
"2565","HGNC:28880"
"2566","HGNC:8896"
"2567","HGNC:11600"
"2568","HGNC:17342"
"2569","HGNC:13128"
"2570","HGNC:13711"
"2571","HGNC:2877"
"2572","HGNC:14270"
"2573","HGNC:30668"
"2574","HGNC:11817"
"2575","HGNC:4296"
"2576","HGNC:5042"
"2577","HGNC:28570"
"2578","HGNC:9462"
"2579","HGNC:7096"
"2580","HGNC:2207"
"2581","HGNC:6241"
"2582","HGNC:3571"
"2583","HGNC:467"
"2584","HGNC:8592"
"2585","HGNC:2714"
"2586","HGNC:14064"
"2587","HGNC:11022"
"2588","HGNC:11752"
"2589","HGNC:28912"
"2590","HGNC:11506"
"2591","HGNC:1393"
"2592","HGNC:6106"
"2593","HGNC:13486"
"2594","HGNC:2023"
"2595","HGNC:29215"
"2596","HGNC:1068"
"2597","HGNC:29059"
"2598","HGNC:4800"
"2599","HGNC:2745"
"2600","HGNC:1497"
"2601","HGNC:6833"
"2602","HGNC:7678"
"2603","HGNC:9896"
"2604","HGNC:13107"
"2605","HGNC:11494"
"2606","HGNC:8864"
"2607","HGNC:13156"
"2608","HGNC:13254"
"2609","HGNC:12731"
"2610","HGNC:6010"
"2611","HGNC:7871"
"2612","HGNC:11535"
"2613","HGNC:8127"
"2614","HGNC:8925"
"2615","HGNC:13429"
"2616","HGNC:29433"
"2617","HGNC:48"
"2618","HGNC:20342"
"2619","HGNC:3672"
"2620","HGNC:25726"
"2621","HGNC:7373"
"2622","HGNC:17756"
"2623","HGNC:20672"
"2624","HGNC:25455"
"2625","HGNC:16353"
"2626","HGNC:397"
"2627","HGNC:12509"
"2628","HGNC:14561"
"2629","HGNC:8148"
"2630","HGNC:3157"
"2631","HGNC:5461"
"2632","HGNC:13339"
"2633","HGNC:2902"
"2634","HGNC:11733"
"2635","HGNC:572"
"2636","HGNC:20662"
"2637","HGNC:25676"
"2638","HGNC:25538"
"2639","HGNC:29456"
"2640","HGNC:4341"
"2641","HGNC:6493"
"2642","HGNC:7661"
"2643","HGNC:9364"
"2644","HGNC:19181"
"2645","HGNC:11949"
"2646","HGNC:6647"
"2647","HGNC:11510"
"2648","HGNC:6490"
"2649","HGNC:6250"
"2650","HGNC:11594"
"2651","HGNC:3153"
"2652","HGNC:12012"
"2653","HGNC:17091"
"2654","HGNC:19688"
"2655","HGNC:9280"
"2656","HGNC:2731"
"2657","HGNC:25198"
"2658","HGNC:6664"
"2659","HGNC:29634"
"2660","HGNC:3604"
"2661","HGNC:9004"
"2662","HGNC:11771"
"2663","HGNC:12399"
"2664","HGNC:10994"
"2665","HGNC:4326"
"2666","HGNC:10807"
"2667","HGNC:29242"
"2668","HGNC:930"
"2669","HGNC:218"
"2670","HGNC:4718"
"2671","HGNC:4931"
"2672","HGNC:20778"
"2673","HGNC:7758"
"2674","HGNC:9545"
"2675","HGNC:2187"
"2676","HGNC:17761"
"2677","HGNC:21024"
"2678","HGNC:10472"
"2679","HGNC:16404"
"2680","HGNC:1090"
"2681","HGNC:2188"
"2682","HGNC:14415"
"2683","HGNC:18345"
"2684","HGNC:21390"
"2685","HGNC:14977"
"2686","HGNC:11021"
"2687","HGNC:21143"
"2688","HGNC:16873"
"2689","HGNC:1343"
"2690","HGNC:12771"
"2691","HGNC:6484"
"2692","HGNC:21144"
"2693","HGNC:9080"
"2694","HGNC:6482"
"2695","HGNC:2500"
"2696","HGNC:8860"
"2697","HGNC:13841"
"2698","HGNC:17089"
"2699","HGNC:18040"
"2700","HGNC:21157"
"2701","HGNC:1607"
"2702","HGNC:20323"
"2703","HGNC:22140"
"2704","HGNC:6560"
"2705","HGNC:21701"
"2706","HGNC:132"
"2707","HGNC:18625"
"2708","HGNC:24154"
"2709","HGNC:24682"
"2710","HGNC:11768"
"2711","HGNC:11532"
"2712","HGNC:9509"
"2713","HGNC:17494"
"2714","HGNC:27302"
"2715","HGNC:129"
"2716","HGNC:4416"
"2717","HGNC:25356"
"2718","HGNC:164"
"2719","HGNC:17213"
"2720","HGNC:11191"
"2721","HGNC:29250"
"2722","HGNC:2978"
"2723","HGNC:4241"
"2724","HGNC:3097"
"2725","HGNC:24259"
"2726","HGNC:6904"
"2727","HGNC:105"
"2728","HGNC:3703"
"2729","HGNC:14025"
"2730","HGNC:1052"
"2731","HGNC:16084"
"2732","HGNC:8490"
"2733","HGNC:6325"
"2734","HGNC:7720"
"2735","HGNC:11590"
"2736","HGNC:4125"
"2737","HGNC:6694"
"2738","HGNC:16905"
"2739","HGNC:4092"
"2740","HGNC:6142"
"2741","HGNC:17797"
"2742","HGNC:14628"
"2743","HGNC:1955"
"2744","HGNC:1943"
"2745","HGNC:5136"
"2746","HGNC:12403"
"2747","HGNC:2201"
"2748","HGNC:2210"
"2749","HGNC:5261"
"2750","HGNC:21637"
"2751","HGNC:443"
"2752","HGNC:26582"
"2753","HGNC:2770"
"2754","HGNC:16901"
"2755","HGNC:29092"
"2756","HGNC:8617"
"2757","HGNC:3147"
"2758","HGNC:1965"
"2759","HGNC:2213"
"2760","HGNC:20670"
"2761","HGNC:14063"
"2762","HGNC:888"
"2763","HGNC:14255"
"2764","HGNC:18358"
"2765","HGNC:28472"
"2766","HGNC:9865"
"2767","HGNC:4298"
"2768","HGNC:10593"
"2769","HGNC:30372"
"2770","HGNC:33499"
"2771","HGNC:2666"
"2772","HGNC:22932"
"2773","HGNC:30764"
"2774","HGNC:11943"
"2775","HGNC:30220"
"2776","HGNC:12784"
"2777","HGNC:28526"
"2778","HGNC:6649"
"2779","HGNC:4180"
"2780","HGNC:16892"
"2781","HGNC:851"
"2782","HGNC:7590"
"2783","HGNC:4171"
"2784","HGNC:13556"
"2785","HGNC:7907"
"2786","HGNC:26576"
"2787","HGNC:882"
"2788","HGNC:9082"
"2789","HGNC:29262"
"2790","HGNC:11006"
"2791","HGNC:9067"
"2792","HGNC:3087"
"2793","HGNC:23056"
"2794","HGNC:6901"
"2795","HGNC:2032"
"2796","HGNC:8140"
"2797","HGNC:5391"
"2798","HGNC:3690"
"2799","HGNC:12768"
"2800","HGNC:26742"
"2801","HGNC:10825"
"2802","HGNC:26594"
"2803","HGNC:951"
"2804","HGNC:26887"
"2805","HGNC:30605"
"2806","HGNC:18340"
"2807","HGNC:16429"
"2808","HGNC:12513"
"2809","HGNC:6342"
"2810","HGNC:25812"
"2811","HGNC:30760"
"2812","HGNC:33188"
"2813","HGNC:452"
"2814","HGNC:3344"
"2815","HGNC:219"
"2816","HGNC:399"
"2817","HGNC:26300"
"2818","HGNC:3054"
"2819","HGNC:2932"
"2820","HGNC:4576"
"2821","HGNC:18398"
"2822","HGNC:1856"
"2823","HGNC:10648"
"2824","HGNC:18603"
"2825","HGNC:10706"
"2826","HGNC:9349"
"2827","HGNC:9137"
"2828","HGNC:26953"
"2829","HGNC:23109"
"2830","HGNC:11397"
"2831","HGNC:15974"
"2832","HGNC:4329"
"2833","HGNC:12682"
"2834","HGNC:318"
"2835","HGNC:10736"
"2836","HGNC:2516"
"2837","HGNC:25118"
"2838","HGNC:15492"
"2839","HGNC:3666"
"2840","HGNC:6132"
"2841","HGNC:714"
"2842","HGNC:17416"
"2843","HGNC:6218"
"2844","HGNC:11916"
"2845","HGNC:12642"
"2846","HGNC:16912"
"2847","HGNC:1246"
"2848","HGNC:29673"
"2849","HGNC:14558"
"2850","HGNC:6269"
"2851","HGNC:60"
"2852","HGNC:2171"
"2853","HGNC:18037"
"2854","HGNC:2200"
"2855","HGNC:237"
"2856","HGNC:6442"
"2857","HGNC:6412"
"2858","HGNC:6143"
"2859","HGNC:3431"
"2860","HGNC:28423"
"2861","HGNC:2726"
"2862","HGNC:4422"
"2863","HGNC:18708"
"2864","HGNC:1494"
"2865","HGNC:11875"
"2866","HGNC:7549"
"2867","HGNC:29670"
"2868","HGNC:18083"
"2869","HGNC:7583"
"2870","HGNC:90"
"2871","HGNC:25896"
"2872","HGNC:18179"
"2873","HGNC:18481"
"2874","HGNC:29101"
"2875","HGNC:10809"
"2876","HGNC:17272"
"2877","HGNC:18514"
"2878","HGNC:17035"
"2879","HGNC:25396"
"2880","HGNC:18621"
"2881","HGNC:4454"
"2882","HGNC:20324"
"2883","HGNC:19082"
"2884","HGNC:18028"
"2885","HGNC:7576"
"2886","HGNC:7577"
"2887","HGNC:11777"
"2888","HGNC:3811"
"2889","HGNC:575"
"2890","HGNC:1875"
"2891","HGNC:1733"
"2892","HGNC:303"
"2893","HGNC:4696"
"2894","HGNC:14262"
"2895","HGNC:7660"
"2896","HGNC:29941"
"2897","HGNC:2198"
"2898","HGNC:9083"
"2899","HGNC:3527"
"2900","HGNC:1774"
"2901","HGNC:13243"
"2902","HGNC:14888"
"2903","HGNC:21862"
"2904","HGNC:1067"
"2905","HGNC:20858"
"2906","HGNC:7739"
"2907","HGNC:27230"
"2908","HGNC:1356"
"2909","HGNC:29106"
"2910","HGNC:26267"
"2911","HGNC:26050"
"2912","HGNC:15968"
"2913","HGNC:24281"
"2914","HGNC:30129"
"2915","HGNC:2799"
"2916","HGNC:12340"
"2917","HGNC:11909"
"2918","HGNC:2220"
"2919","HGNC:24797"
"2920","HGNC:9069"
"2921","HGNC:11098"
"2922","HGNC:23399"
"2923","HGNC:18732"
"2924","HGNC:9043"
"2925","HGNC:12011"
"2926","HGNC:17944"
"2927","HGNC:10257"
"2928","HGNC:17208"
"2929","HGNC:4507"
"2930","HGNC:11772"
"2931","HGNC:23159"
"2932","HGNC:3622"
"2933","HGNC:7525"
"2934","HGNC:16361"
"2935","HGNC:11444"
"2936","HGNC:3006"
"2937","HGNC:4315"
"2938","HGNC:28296"
"2939","HGNC:19027"
"2940","HGNC:23406"
"2941","HGNC:13997"
"2942","HGNC:76"
"2943","HGNC:9202"
"2944","HGNC:33778"
"2945","HGNC:14631"
"2946","HGNC:2209"
"2947","HGNC:7881"
"2948","HGNC:24650"
"2949","HGNC:9639"
"2950","HGNC:16932"
"2951","HGNC:11642"
"2952","HGNC:1912"
"2953","HGNC:10936"
"2954","HGNC:9414"
"2955","HGNC:14674"
"2956","HGNC:23246"
"2957","HGNC:2939"
"2958","HGNC:2190"
"2959","HGNC:1971"
"2960","HGNC:24268"
"2961","HGNC:12665"
"2962","HGNC:15710"
"2963","HGNC:25903"
"2964","HGNC:130"
"2965","HGNC:15819"
"2966","HGNC:6388"
"2967","HGNC:20577"
"2968","HGNC:4861"
"2969","HGNC:9722"
"2970","HGNC:14211"
"2971","HGNC:16947"
"2972","HGNC:1974"
"2973","HGNC:26257"
"2974","HGNC:8022"
"2975","HGNC:2194"
"2976","HGNC:27424"
"2977","HGNC:939"
"2978","HGNC:3689"
"2979","HGNC:12592"
"2980","HGNC:16644"
"2981","HGNC:11946"
"2982","HGNC:11950"
"2983","HGNC:11386"
"2984","HGNC:12597"
"2985","HGNC:7611"
"2986","HGNC:2472"
"2987","HGNC:11051"
"2988","HGNC:27337"
"2989","HGNC:10940"
"2990","HGNC:20197"
"2991","HGNC:7551"
"2992","HGNC:20859"
"2993","HGNC:9863"
"2994","HGNC:923"
"2995","HGNC:3760"
"2996","HGNC:9964"
"2997","HGNC:6716"
"2998","HGNC:17397"
"2999","HGNC:20716"
"3000","HGNC:17412"
"3001","HGNC:5542"
"3002","HGNC:3681"
"3003","HGNC:1546"
"3004","HGNC:7606"
"3005","HGNC:3188"
"3006","HGNC:26938"
"3007","HGNC:2528"
"3008","HGNC:7167"
"3009","HGNC:2962"
"3010","HGNC:15672"
"3011","HGNC:2389"
"3012","HGNC:4026"
"3013","HGNC:14583"
"3014","HGNC:2995"
"3015","HGNC:24039"
"3016","HGNC:329"
"3017","HGNC:17978"
"3018","HGNC:3084"
"3019","HGNC:29105"
"3020","HGNC:8977"
"3021","HGNC:3942"
"3022","HGNC:7939"
"3023","HGNC:9081"
"3024","HGNC:16877"
"3025","HGNC:438"
"3026","HGNC:5273"
"3027","HGNC:1736"
"3028","HGNC:15999"
"3029","HGNC:11110"
"3030","HGNC:6524"
"3031","HGNC:30071"
"3032","HGNC:30587"
"3033","HGNC:9325"
"3034","HGNC:25686"
"3035","HGNC:19316"
"3036","HGNC:11056"
"3037","HGNC:8487"
"3038","HGNC:2330"
"3039","HGNC:2859"
"3040","HGNC:7784"
"3041","HGNC:29557"
"3042","HGNC:28287"
"3043","HGNC:11023"
"3044","HGNC:2186"
"3045","HGNC:23319"
"3046","HGNC:18155"
"3047","HGNC:2847"
"3048","HGNC:19869"
"3049","HGNC:8983"
"3050","HGNC:2363"
"3051","HGNC:6871"
"3052","HGNC:1014"
"3053","HGNC:5870"
"3054","HGNC:11103"
"3055","HGNC:29022"
"3056","HGNC:6511"
"3057","HGNC:14294"
"3058","HGNC:4837"
"3059","HGNC:461"
"3060","HGNC:8957"
"3061","HGNC:560"
"3062","HGNC:11411"
"3063","HGNC:10432"
"3064","HGNC:15455"
"3065","HGNC:9173"
"3066","HGNC:18060"
"3067","HGNC:2928"
"3068","HGNC:2578"
"3069","HGNC:20372"
"3070","HGNC:12469"
"3071","HGNC:17652"
"3072","HGNC:3133"
"3073","HGNC:9330"
"3074","HGNC:30677"
"3075","HGNC:11114"
"3076","HGNC:30892"
"3077","HGNC:26837"
"3078","HGNC:24931"
"3079","HGNC:3226"
"3080","HGNC:11957"
"3081","HGNC:4283"
"3082","HGNC:2291"
"3083","HGNC:869"
"3084","HGNC:9086"
"3085","HGNC:30881"
"3086","HGNC:20439"
"3087","HGNC:18475"
"3088","HGNC:8768"
"3089","HGNC:11079"
"3090","HGNC:3702"
"3091","HGNC:12874"
"3092","HGNC:5389"
"3093","HGNC:7448"
"3094","HGNC:22082"
"3095","HGNC:1044"
"3096","HGNC:6470"
"3097","HGNC:18704"
"3098","HGNC:6990"
"3099","HGNC:3754"
"3100","HGNC:3331"
"3101","HGNC:10298"
"3102","HGNC:11577"
"3103","HGNC:26058"
"3104","HGNC:5961"
"3105","HGNC:2063"
"3106","HGNC:29659"
"3107","HGNC:4824"
"3108","HGNC:4823"
"3109","HGNC:29478"
"3110","HGNC:17619"
"3111","HGNC:7569"
"3112","HGNC:15516"
"3113","HGNC:2244"
"3114","HGNC:16974"
"3115","HGNC:17151"
"3116","HGNC:5331"
"3117","HGNC:24678"
"3118","HGNC:7166"
"3119","HGNC:1750"
"3120","HGNC:1762"
"3121","HGNC:2867"
"3122","HGNC:6776"
"3123","HGNC:23216"
"3124","HGNC:2577"
"3125","HGNC:24576"
"3126","HGNC:4122"
"3127","HGNC:8740"
"3128","HGNC:20772"
"3129","HGNC:25608"
"3130","HGNC:18008"
"3131","HGNC:35126"
"3132","HGNC:12851"
"3133","HGNC:4909"
"3134","HGNC:8574"
"3135","HGNC:18084"
"3136","HGNC:1492"
"3137","HGNC:1966"
"3138","HGNC:23089"
"3139","HGNC:1961"
"3140","HGNC:7207"
"3141","HGNC:15977"
"3142","HGNC:7578"
"3143","HGNC:7572"
"3144","HGNC:7573"
"3145","HGNC:8966"
"3146","HGNC:403"
"3147","HGNC:14937"
"3148","HGNC:17101"
"3149","HGNC:12309"
"3150","HGNC:11610"
"3151","HGNC:1744"
"3152","HGNC:11109"
"3153","HGNC:6416"
"3154","HGNC:18169"
"3155","HGNC:8011"
"3156","HGNC:4040"
"3157","HGNC:2916"
"3158","HGNC:10805"
"3159","HGNC:2197"
"3160","HGNC:7866"
"3161","HGNC:11603"
"3162","HGNC:1699"
"3163","HGNC:6263"
"3164","HGNC:16356"
"3165","HGNC:14409"
"3166","HGNC:27561"
"3167","HGNC:6158"
"3168","HGNC:19721"
"3169","HGNC:8548"
"3170","HGNC:9721"
"3171","HGNC:11581"
"3172","HGNC:14450"
"3173","HGNC:26270"
"3174","HGNC:9891"
"3175","HGNC:6483"
"3176","HGNC:3049"
"3177","HGNC:6891"
"3178","HGNC:21317"
"3179","HGNC:7728"
"3180","HGNC:8967"
"3181","HGNC:11633"
"3182","HGNC:6638"
"3183","HGNC:8996"
"3184","HGNC:9479"
"3185","HGNC:2974"
"3186","HGNC:11100"
"3187","HGNC:6826"
"3188","HGNC:7788"
"3189","HGNC:20967"
"3190","HGNC:1388"
"3191","HGNC:7883"
"3192","HGNC:8980"
"3193","HGNC:2364"
"3194","HGNC:18712"
"3195","HGNC:12449"
"3196","HGNC:33867"
"3197","HGNC:10483"
"3198","HGNC:2909"
"3199","HGNC:6717"
"3200","HGNC:1698"
"3201","HGNC:25763"
"3202","HGNC:25367"
"3203","HGNC:17997"
"3204","HGNC:6365"
"3205","HGNC:11948"
"3206","HGNC:11947"
"3207","HGNC:11153"
"3208","HGNC:8729"
"3209","HGNC:15889"
"3210","HGNC:11132"
"3211","HGNC:15868"
"3212","HGNC:18318"
"3213","HGNC:2979"
"3214","HGNC:13890"
"3215","HGNC:4220"
"3216","HGNC:6408"
"3217","HGNC:15901"
"3218","HGNC:15807"
"3219","HGNC:16197"
"3220","HGNC:13444"
"3221","HGNC:3005"
"3222","HGNC:11194"
"3223","HGNC:11183"
"3224","HGNC:3046"
"3225","HGNC:6267"
"3226","HGNC:12756"
"3227","HGNC:1550"
"3228","HGNC:2211"
"3229","HGNC:2212"
"3230","HGNC:5985"
"3231","HGNC:1839"
"3232","HGNC:857"
"3233","HGNC:2846"
"3234","HGNC:2845"
"3235","HGNC:16817"
"3236","HGNC:10979"
"3237","HGNC:1739"
"3238","HGNC:11226"
"3239","HGNC:29298"
"3240","HGNC:573"
"3241","HGNC:17084"
"3242","HGNC:4019"
"3243","HGNC:15465"
"3244","HGNC:20318"
"3245","HGNC:9508"
"3246","HGNC:68"
"3247","HGNC:20105"
"3248","HGNC:11769"
"3249","HGNC:29669"
"3250","HGNC:19743"
"3251","HGNC:12305"
"3252","HGNC:10978"
"3253","HGNC:4612"
"3254","HGNC:12718"
"3255","HGNC:13222"
"3256","HGNC:32550"
"3257","HGNC:10914"
"3258","HGNC:143"
"3259","HGNC:7001"
"3260","HGNC:20249"
"3261","HGNC:24464"
"3262","HGNC:1480"
"3263","HGNC:7608"
"3264","HGNC:30650"
"3265","HGNC:24579"
"3266","HGNC:26790"
"3267","HGNC:12010"
"3268","HGNC:9255"
"3269","HGNC:37227"
"3270","HGNC:6769"
"3271","HGNC:30497"
"3272","HGNC:25928"
"3273","HGNC:349"
"3274","HGNC:9107"
"3275","HGNC:2728"
"3276","HGNC:2040"
"3277","HGNC:12372"
"3278","HGNC:29678"
"3279","HGNC:15511"
"3280","HGNC:6341"
"3281","HGNC:29685"
"3282","HGNC:11582"
"3283","HGNC:12015"
"3284","HGNC:9201"
"3285","HGNC:6161"
"3286","HGNC:24229"
"3287","HGNC:12786"
"3288","HGNC:11799"
"3289","HGNC:13503"
"3290","HGNC:4421"
"3291","HGNC:28403"
"3292","HGNC:29316"
"3293","HGNC:8743"
"3294","HGNC:24624"
"3295","HGNC:4198"
"3296","HGNC:17493"
"3297","HGNC:9968"
"3298","HGNC:21071"
"3299","HGNC:21863"
"3300","HGNC:4419"
"3301","HGNC:12299"
"3302","HGNC:11764"
"3303","HGNC:6595"
"3304","HGNC:14244"
"3305","HGNC:23015"
"3306","HGNC:2498"
"3307","HGNC:464"
"3308","HGNC:6091"
"3309","HGNC:11040"
"3310","HGNC:392"
"3311","HGNC:6621"
"3312","HGNC:3433"
"3313","HGNC:565"
"3314","HGNC:16133"
"3315","HGNC:8918"
"3316","HGNC:644"
"3317","HGNC:10923"
"3318","HGNC:2555"
"3319","HGNC:8108"
"3320","HGNC:18145"
"3321","HGNC:33882"
"3322","HGNC:11796"
"3323","HGNC:12679"
"3324","HGNC:465"
"3325","HGNC:11521"
"3326","HGNC:2606"
"3327","HGNC:29914"
"3328","HGNC:6696"
"3329","HGNC:9706"
"3330","HGNC:1071"
"3331","HGNC:6814"
"3332","HGNC:13273"
"3333","HGNC:32698"
"3334","HGNC:8622"
"3335","HGNC:449"
"3336","HGNC:8031"
"3337","HGNC:6518"
"3338","HGNC:19750"
"3339","HGNC:23657"
"3340","HGNC:23734"
"3341","HGNC:7155"
"3342","HGNC:1247"
"3343","HGNC:4193"
"3344","HGNC:18591"
"3345","HGNC:12373"
"3346","HGNC:5465"
"3347","HGNC:9066"
"3348","HGNC:10591"
"3349","HGNC:6932"
"3350","HGNC:17233"
"3351","HGNC:6597"
"3352","HGNC:8979"
"3353","HGNC:29205"
"3354","HGNC:17103"
"3355","HGNC:9076"
"3356","HGNC:12783"
"3357","HGNC:21732"
"3358","HGNC:7461"
"3359","HGNC:7462"
"3360","HGNC:7422"
"3361","HGNC:7459"
"3362","HGNC:1133"
"3363","HGNC:13398"
"3364","HGNC:886"
"3365","HGNC:5385"
"3366","HGNC:18750"
"3367","HGNC:15865"
"3368","HGNC:15925"
"3369","HGNC:11431"
"3370","HGNC:15860"
"3371","HGNC:360"
"3372","HGNC:16068"
"3373","HGNC:4916"
"3374","HGNC:12520"
"3375","HGNC:11592"
"3376","HGNC:2228"
"3377","HGNC:728"
"3378","HGNC:3373"
"3379","HGNC:3583"
"3380","HGNC:10295"
"3381","HGNC:20893"
"3382","HGNC:12637"
"3383","HGNC:10274"
"3384","HGNC:4170"
"3385","HGNC:3663"
"3386","HGNC:4661"
"3387","HGNC:4659"
"3388","HGNC:9208"
"3389","HGNC:8850"
"3390","HGNC:1527"
"3391","HGNC:6052"
"3392","HGNC:6120"
"3393","HGNC:12829"
"3394","HGNC:10848"
"3395","HGNC:26527"
"3396","HGNC:10263"
"3397","HGNC:9717"
"3398","HGNC:28396"
"3399","HGNC:9587"
"3400","HGNC:28510"
"3401","HGNC:21653"
"3402","HGNC:3588"
"3403","HGNC:19129"
"3404","HGNC:3584"
"3405","HGNC:9585"
"3406","HGNC:17349"
"3407","HGNC:12362"
"3408","HGNC:21474"
"3409","HGNC:325"
"3410","HGNC:9921"
"3411","HGNC:12313"
"3412","HGNC:10705"
"3413","HGNC:14550"
"3414","HGNC:9990"
"3415","HGNC:24519"
"3416","HGNC:9006"
"3417","HGNC:16466"
"3418","HGNC:694"
"3419","HGNC:5173"
"3420","HGNC:5466"
"3421","HGNC:6081"
"3422","HGNC:6294"
"3423","HGNC:1786"
"3424","HGNC:12406"
"3425","HGNC:6257"
"3426","HGNC:59"
"3427","HGNC:3587"
"3428","HGNC:20041"
"3429","HGNC:12703"
"3430","HGNC:10254"
"3431","HGNC:15832"
"3432","HGNC:3219"
"3433","HGNC:26558"
"3434","HGNC:3749"
"3435","HGNC:6255"
"3436","HGNC:9719"
"3437","HGNC:1785"
"3438","HGNC:7133"
"3439","HGNC:10414"
"3440","HGNC:28887"
"3441","HGNC:9857"
"3442","HGNC:4284"
"3443","HGNC:20606"
"3444","HGNC:20422"
"3445","HGNC:6107"
"3446","HGNC:870"
"3447","HGNC:3437"
"3448","HGNC:8002"
"3449","HGNC:23168"
"3450","HGNC:17748"
"3451","HGNC:19977"
"3452","HGNC:7128"
"3453","HGNC:3796"
"3454","HGNC:20347"
"3455","HGNC:20423"
"3456","HGNC:20087"
"3457","HGNC:3602"
"3458","HGNC:29170"
"3459","HGNC:10910"
"3460","HGNC:3603"
"3461","HGNC:12631"
"3462","HGNC:12310"
"3463","HGNC:7974"
"3464","HGNC:19353"
"3465","HGNC:13081"
"3466","HGNC:10024"
"3467","HGNC:25568"
"3468","HGNC:12712"
"3469","HGNC:25636"
"3470","HGNC:29077"
"3471","HGNC:12363"
"3472","HGNC:23845"
"3473","HGNC:2348"
"3474","HGNC:18294"
"3475","HGNC:3436"
"3476","HGNC:57"
"3477","HGNC:30417"
"3478","HGNC:10524"
"3479","HGNC:29168"
"3480","HGNC:14361"
"3481","HGNC:967"
"3482","HGNC:10912"
"3483","HGNC:17146"
"3484","HGNC:2151"
"3485","HGNC:25539"
"3486","HGNC:3801"
"3487","HGNC:28993"
"3488","HGNC:3582"
"3489","HGNC:17340"
"3490","HGNC:27310"
"3491","HGNC:7765"
"3492","HGNC:11364"
"3493","HGNC:9688"
"3494","HGNC:7121"
"3495","HGNC:1375"
"3496","HGNC:32528"
"3497","HGNC:3960"
"3498","HGNC:8789"
"3499","HGNC:4174"
"3500","HGNC:29426"
"3501","HGNC:30078"
"3502","HGNC:4379"
"3503","HGNC:17090"
"3504","HGNC:10418"
"3505","HGNC:9380"
"3506","HGNC:11766"
"3507","HGNC:3434"
"3508","HGNC:2933"
"3509","HGNC:2383"
"3510","HGNC:15446"
"3511","HGNC:4084"
"3512","HGNC:10896"
"3513","HGNC:14000"
"3514","HGNC:6229"
"3515","HGNC:9965"
"3516","HGNC:6764"
"3517","HGNC:3146"
"3518","HGNC:4006"
"3519","HGNC:20603"
"3520","HGNC:19139"
"3521","HGNC:3808"
"3522","HGNC:1789"
"3523","HGNC:10294"
"3524","HGNC:34"
"3525","HGNC:9855"
"3526","HGNC:15512"
"3527","HGNC:8923"
"3528","HGNC:7882"
"3529","HGNC:17348"
"3530","HGNC:4177"
"3531","HGNC:10729"
"3532","HGNC:16783"
"3533","HGNC:2343"
"3534","HGNC:25009"
"3535","HGNC:7745"
"3536","HGNC:12601"
"3537","HGNC:3700"
"3538","HGNC:16400"
"3539","HGNC:26147"
"3540","HGNC:26498"
"3541","HGNC:30391"
"3542","HGNC:34383"
"3543","HGNC:11529"
"3544","HGNC:20748"
"3545","HGNC:25808"
"3546","HGNC:145"
"3547","HGNC:30859"
"3548","HGNC:7027"
"3549","HGNC:21699"
"3550","HGNC:9121"
"3551","HGNC:28648"
"3552","HGNC:10521"
"3553","HGNC:3585"
"3554","HGNC:9236"
"3555","HGNC:11773"
"3556","HGNC:9608"
"3557","HGNC:2214"
"3558","HGNC:3755"
"3559","HGNC:13210"
"3560","HGNC:18362"
"3561","HGNC:10012"
"3562","HGNC:12605"
"3563","HGNC:29326"
"3564","HGNC:8786"
"3565","HGNC:29253"
"3566","HGNC:9454"
"3567","HGNC:2148"
"3568","HGNC:6685"
"3569","HGNC:10680"
"3570","HGNC:25994"
"3571","HGNC:3439"
"3572","HGNC:24684"
"3573","HGNC:12831"
"3574","HGNC:26690"
"3575","HGNC:8785"
"3576","HGNC:8804"
"3577","HGNC:11654"
"3578","HGNC:2488"
"3579","HGNC:14234"
"3580","HGNC:10449"
"3581","HGNC:6816"
"3582","HGNC:18791"
"3583","HGNC:11976"
"3584","HGNC:1142"
"3585","HGNC:4948"
"3586","HGNC:3586"
"3587","HGNC:12423"
"3588","HGNC:1784"
"3589","HGNC:4679"
"3590","HGNC:9942"
"3591","HGNC:8859"
"3592","HGNC:20194"
"3593","HGNC:14263"
"3594","HGNC:21555"
"3595","HGNC:6859"
"3596","HGNC:4274"
"3597","HGNC:3356"
"3598","HGNC:21575"
"3599","HGNC:9046"
"3600","HGNC:9122"
"3601","HGNC:348"
"3602","HGNC:10288"
"3603","HGNC:4319"
"3604","HGNC:4195"
"3605","HGNC:961"
"3606","HGNC:11586"
"3607","HGNC:12744"
"3608","HGNC:3327"
"3609","HGNC:6613"
"3610","HGNC:9970"
"3611","HGNC:2586"
"3612","HGNC:5201"
"3613","HGNC:18455"
"3614","HGNC:11528"
"3615","HGNC:15533"
"3616","HGNC:4173"
"3617","HGNC:3673"
"3618","HGNC:16700"
"3619","HGNC:29843"
"3620","HGNC:13831"
"3621","HGNC:3072"
"3622","HGNC:4510"
"3623","HGNC:6211"
"3624","HGNC:10681"
"3625","HGNC:10682"
"3626","HGNC:18188"
"3627","HGNC:21734"
"3628","HGNC:21014"
"3629","HGNC:25566"
"3630","HGNC:9210"
"3631","HGNC:15979"
"3632","HGNC:9455"
"3633","HGNC:11742"
"3634","HGNC:15646"
"3635","HGNC:9811"
"3636","HGNC:1788"
"3637","HGNC:3438"
"3638","HGNC:13733"
"3639","HGNC:37212"
"3640","HGNC:2468"
"3641","HGNC:7010"
"3642","HGNC:7132"
"3643","HGNC:9115"
"3644","HGNC:29090"
"3645","HGNC:9175"
"3646","HGNC:10702"
"3647","HGNC:11111"
"3648","HGNC:13315"
"3649","HGNC:428"
"3650","HGNC:19185"
"3651","HGNC:1101"
"3652","HGNC:26144"
"3653","HGNC:1100"
"3654","HGNC:9820"
"3655","HGNC:20473"
"3656","HGNC:1967"
"3657","HGNC:4877"
"3658","HGNC:12791"
"3659","HGNC:11602"
"3660","HGNC:20207"
"3661","HGNC:15836"
"3662","HGNC:17168"
"3663","HGNC:6556"
"3664","HGNC:12766"
"3665","HGNC:3688"
"3666","HGNC:28984"
"3667","HGNC:30074"
"3668","HGNC:3686"
"3669","HGNC:2860"
"3670","HGNC:19960"
"3671","HGNC:11190"
"3672","HGNC:2567"
"3673","HGNC:28909"
"3674","HGNC:4452"
"3675","HGNC:4451"
"3676","HGNC:7325"
"3677","HGNC:7329"
"3678","HGNC:7127"
